Country,ISO2,ISO3,Year,DrugSusceptibleTB_Treatment,MDRTB_Treatment,XDRTB_Treatment,TPT_Treatment,Budget_DSTB_PerCapita,Budget_MDRTB_PerCapita,Budget_XDRTB_PerCapita,Domestic_Funding,GlobalFund_Funding,USAID_Funding,Total_Funding,Estimated_New_Cases,Continent,Total_Treated
Afghanistan,AF,AFG,2018,52000.0,450.0,12.0,,40.0,1400.0,3100.0,533779.0,3178499.0,4462530.0,10698483.0,69000,Asia,52462.0
Afghanistan,AF,AFG,2019,53000.0,585.0,15.0,,50.0,1500.0,2000.0,511854.0,6533095.0,2766449.0,13419792.0,71000,Asia,53600.0
Afghanistan,AF,AFG,2020,57000.0,580.0,20.0,30000.0,40.0,1000.0,2700.0,1171864.0,6935551.0,3000000.0,17978424.0,71000,Asia,87600.0
Afghanistan,AF,AFG,2021,53825.0,725.0,25.0,25000.0,50.0,1000.0,2500.0,,7638546.0,,10633599.0,74000,Asia,79575.0
Afghanistan,AF,AFG,2022,56795.0,600.0,60.0,28403.0,50.0,1000.0,1200.0,269339.0,6876137.0,1555946.0,10599950.0,76000,Asia,85858.0
Albania,AL,ALB,2018,,,,,,,,,,,,500,Europe,0.0
Albania,AL,ALB,2019,,,,,,,,,,,,470,Europe,0.0
Albania,AL,ALB,2020,,,,,,,,,,,,440,Europe,0.0
Albania,AL,ALB,2021,,,,,,,,,,,,440,Europe,0.0
Albania,AL,ALB,2022,,,,,,,,,,,,430,Europe,0.0
Algeria,DZ,DZA,2018,23000.0,100.0,10.0,,,,,,,,,29000,Africa,23110.0
Algeria,DZ,DZA,2019,23500.0,80.0,10.0,,17.0,1120.0,,,,,,26000,Africa,23590.0
Algeria,DZ,DZA,2020,25000.0,100.0,20.0,10000.0,73.0,,,,,,,25000,Africa,35120.0
Algeria,DZ,DZA,2021,20000.0,100.0,10.0,2000.0,25.0,500.0,1000.0,,,,,24000,Africa,22110.0
Algeria,DZ,DZA,2022,19000.0,100.0,20.0,2000.0,100.0,1100.0,1100.0,,,,,23000,Africa,21120.0
American Samoa,AS,ASM,2018,,,,,,,,,,,,0,Oceania,0.0
American Samoa,AS,ASM,2019,,,,,,,,,,,,1,Oceania,0.0
American Samoa,AS,ASM,2020,,,,,,,,,,,,3,Oceania,0.0
American Samoa,AS,ASM,2021,,,,,,,,,,,,2,Oceania,0.0
American Samoa,AS,ASM,2022,,,,,,,,,,,,2,Oceania,0.0
Andorra,AD,AND,2018,,,,,,,,,,,,2,Europe,0.0
Andorra,AD,AND,2019,,,,,,,,,,,,6,Europe,0.0
Andorra,AD,AND,2020,,,,,,,,,,,,2,Europe,0.0
Andorra,AD,AND,2021,,,,,,,,,,,,2,Europe,0.0
Andorra,AD,AND,2022,,,,,,,,,,,,5,Europe,0.0
Angola,AO,AGO,2018,74587.0,2296.0,55.0,,358.0,1480.0,,3293147.0,4972863.0,0.0,8955563.0,111000,Africa,76938.0
Angola,AO,AGO,2019,72151.0,1962.0,20.0,,358.0,3748.0,4800.0,13692478.0,2416285.0,0.0,20108763.0,114000,Africa,74133.0
Angola,AO,AGO,2020,84779.0,3700.0,47.0,65400.0,68.0,2377.0,4243.0,17672192.0,1897542.0,0.0,20307027.0,111000,Africa,153926.0
Angola,AO,AGO,2021,86664.0,2818.0,85.0,64998.0,47.0,2377.0,8458.0,6041429.0,4213441.0,,10254870.0,111000,Africa,154565.0
Angola,AO,AGO,2022,81061.0,4518.0,95.0,68950.0,49.0,2369.0,2800.0,10831930.0,4213441.0,,15045371.0,119000,Africa,154624.0
Anguilla,AI,AIA,2018,,,,,,,,,,,,3,North America,0.0
Anguilla,AI,AIA,2019,,,,,,,,,,,,3,North America,0.0
Anguilla,AI,AIA,2020,,,,,,,,,,,,3,North America,0.0
Anguilla,AI,AIA,2021,,,,,,,,,,,,3,North America,0.0
Anguilla,AI,AIA,2022,,,,,,,,,,,,3,North America,0.0
Antigua and Barbuda,AG,ATG,2018,,,,,,,,,,,,6,North America,0.0
Antigua and Barbuda,AG,ATG,2019,,,,,,,,,,,,0,North America,0.0
Antigua and Barbuda,AG,ATG,2020,,,,,,,,,,,,2,North America,0.0
Antigua and Barbuda,AG,ATG,2021,,,,,,,,,,,,5,North America,0.0
Antigua and Barbuda,AG,ATG,2022,,,,,,,,,,,,1,North America,0.0
Argentina,AR,ARG,2018,13000.0,200.0,20.0,,274.0,6000.0,20000.0,5189232.0,0.0,0.0,5189232.0,12000,South America,13220.0
Argentina,AR,ARG,2019,13000.0,200.0,20.0,,147.0,1182.0,5006.0,2510552.0,0.0,0.0,2510552.0,13000,South America,13220.0
Argentina,AR,ARG,2020,13000.0,170.0,30.0,13000.0,71.0,1284.0,1666.0,1320638.0,0.0,0.0,1320638.0,13000,South America,26200.0
Argentina,AR,ARG,2021,11500.0,200.0,20.0,11500.0,40.0,1873.0,2397.0,1086705.0,0.0,0.0,1086705.0,13000,South America,23220.0
Argentina,AR,ARG,2022,13000.0,250.0,20.0,13000.0,58.0,1675.0,2124.0,1809798.0,,,1809798.0,13000,South America,26270.0
Armenia,AM,ARM,2018,807.0,103.0,24.0,,,,,2520982.0,4307786.0,0.0,6828768.0,880,Asia,934.0
Armenia,AM,ARM,2019,775.0,96.0,24.0,,,,,74089.0,1130669.0,0.0,1204758.0,740,Asia,895.0
Armenia,AM,ARM,2020,630.0,102.0,24.0,70.0,79.0,4830.0,4900.0,3331208.0,1805341.0,,5136549.0,700,Asia,826.0
Armenia,AM,ARM,2021,630.0,72.0,20.0,70.0,79.0,4830.0,4900.0,2059940.0,1288276.0,,3348216.0,700,Asia,792.0
Armenia,AM,ARM,2022,600.0,66.0,24.0,114.0,73.0,4830.0,4900.0,1923417.0,1319868.0,,3243285.0,690,Asia,804.0
Aruba,AW,ABW,2018,,,,,,,,,,,,6,North America,0.0
Aruba,AW,ABW,2019,,,,,,,,,,,,2,North America,0.0
Aruba,AW,ABW,2020,,,,,,,,,,,,1,North America,0.0
Aruba,AW,ABW,2021,,,,,,,,,,,,7,North America,0.0
Aruba,AW,ABW,2022,,,,,,,,,,,,6,North America,0.0
Australia,AU,AUS,2018,,,,,,,,,,,,1700,Oceania,0.0
Australia,AU,AUS,2019,,,,,,,,,,,,1700,Oceania,0.0
Australia,AU,AUS,2020,,,,,,,,,,,,1900,Oceania,0.0
Australia,AU,AUS,2021,,,,,,,,,,,,1700,Oceania,0.0
Australia,AU,AUS,2022,,,,,,,,,,,,1500,Oceania,0.0
Austria,AT,AUT,2018,,,,,,,,,,,,540,Europe,0.0
Austria,AT,AUT,2019,,,,,,,,,,,,530,Europe,0.0
Austria,AT,AUT,2020,,,,,,,,,,,,440,Europe,0.0
Austria,AT,AUT,2021,,,,,,,,,,,,450,Europe,0.0
Austria,AT,AUT,2022,,,,,,,,,,,,390,Europe,0.0
Azerbaijan,AZ,AZE,2018,,,,,,,,,,,,6400,Asia,0.0
Azerbaijan,AZ,AZE,2019,7000.0,850.0,180.0,,40.0,5100.0,5100.0,16487435.0,4397794.0,,20885229.0,6100,Asia,8030.0
Azerbaijan,AZ,AZE,2020,6500.0,850.0,180.0,5500.0,40.0,2900.0,6600.0,14455282.0,2878142.0,,17333424.0,5900,Asia,13030.0
Azerbaijan,AZ,AZE,2021,6000.0,800.0,150.0,,40.0,3439.0,5139.0,11086889.0,3525398.0,,14612287.0,6400,Asia,6950.0
Azerbaijan,AZ,AZE,2022,,,,,,,,,,,,7000,Asia,0.0
Bahamas,BS,BHS,2018,,,,,,,,,,,,54,North America,0.0
Bahamas,BS,BHS,2019,,,,,,,,,,,,59,North America,0.0
Bahamas,BS,BHS,2020,,,,,,,,,,,,36,North America,0.0
Bahamas,BS,BHS,2021,,,,,,,,,,,,51,North America,0.0
Bahamas,BS,BHS,2022,,,,,,,,,,,,55,North America,0.0
Bahrain,BH,BHR,2018,,,,,,,,,,,,180,Asia,0.0
Bahrain,BH,BHR,2019,,,,,,,,,,,,200,Asia,0.0
Bahrain,BH,BHR,2020,,,,,,,,,,,,220,Asia,0.0
Bahrain,BH,BHR,2021,,,,,,,,,,,,230,Asia,0.0
Bahrain,BH,BHR,2022,,,,,,,,,,,,220,Asia,0.0
Bangladesh,BD,BGD,2018,237000.0,1306.0,8.0,,43.0,2118.0,9224.0,9498160.0,36651484.0,0.0,46149644.0,362000,Asia,238314.0
Bangladesh,BD,BGD,2019,287000.0,1486.0,120.0,,39.0,1766.0,4814.0,18153743.0,36966056.0,12981354.0,68101153.0,366000,Asia,288606.0
Bangladesh,BD,BGD,2020,325000.0,1753.0,145.0,96000.0,43.0,1303.0,4275.0,31284925.0,58400862.0,13500000.0,103185787.0,370000,Asia,422898.0
Bangladesh,BD,BGD,2021,292745.0,1514.0,378.0,185560.0,26.0,939.0,2472.0,55686165.0,39263464.0,130717.0,95080346.0,375000,Asia,480197.0
Bangladesh,BD,BGD,2022,298112.0,1788.0,456.0,133159.0,35.0,933.0,2779.0,73820623.0,55830653.0,21000000.0,150651276.0,379000,Asia,433515.0
Barbados,BB,BRB,2018,,,,,,,,,,,,1,North America,0.0
Barbados,BB,BRB,2019,,,,,,,,,,,,0,North America,0.0
Barbados,BB,BRB,2020,,,,,,,,,,,,7,North America,0.0
Barbados,BB,BRB,2021,,,,,,,,,,,,1,North America,0.0
Barbados,BB,BRB,2022,,,,,,,,,,,,2,North America,0.0
Belarus,BY,BLR,2018,2100.0,1300.0,450.0,,50.0,4500.0,7600.0,4457692.0,3106394.0,,8338482.0,3000,Europe,3850.0
Belarus,BY,BLR,2019,1110.0,870.0,430.0,,50.0,9200.0,11735.0,4253882.0,4148972.0,0.0,9642795.0,2800,Europe,2410.0
Belarus,BY,BLR,2020,1110.0,923.0,345.0,520.0,50.0,7400.0,9000.0,67114272.0,6650113.0,0.0,74205441.0,2700,Europe,2898.0
Belarus,BY,BLR,2021,1110.0,655.0,367.0,500.0,50.0,4800.0,6500.0,67920001.0,2185789.0,0.0,70105790.0,2700,Europe,2632.0
Belarus,BY,BLR,2022,,,,,,,,,,,,2600,Europe,0.0
Belgium,BE,BEL,2018,,,,,,,,,,,,1000,Europe,0.0
Belgium,BE,BEL,2019,,,,,,,,,,,,1000,Europe,0.0
Belgium,BE,BEL,2020,,,,,,,,,,,,890,Europe,0.0
Belgium,BE,BEL,2021,,,,,,,,,,,,940,Europe,0.0
Belgium,BE,BEL,2022,,,,,,,,,,,,910,Europe,0.0
Belize,BZ,BLZ,2018,120.0,2.0,0.0,,73.0,3160.0,0.0,33655.0,466794.0,0.0,500449.0,110,North America,122.0
Belize,BZ,BLZ,2019,120.0,2.0,0.0,,73.0,3160.0,0.0,101000.0,166665.0,0.0,267665.0,100,North America,122.0
Belize,BZ,BLZ,2020,122.0,3.0,0.0,,73.0,2139.0,0.0,252203.0,144646.0,0.0,396849.0,100,North America,125.0
Belize,BZ,BLZ,2021,80.0,3.0,0.0,90.0,73.0,1244.0,0.0,101000.0,162631.0,0.0,263631.0,110,North America,173.0
Belize,BZ,BLZ,2022,80.0,3.0,0.0,90.0,73.0,1244.0,0.0,106000.0,162631.0,0.0,268631.0,110,North America,173.0
Benin,BJ,BEN,2018,4278.0,24.0,2.0,,62.0,734.0,6114.0,350893.0,2913700.0,0.0,3264593.0,6700,Africa,4304.0
Benin,BJ,BEN,2019,4389.0,26.0,2.0,,20.0,1272.0,5640.0,250788.0,2081757.0,0.0,2365984.0,6800,Africa,4417.0
Benin,BJ,BEN,2020,4550.0,29.0,2.0,1511.0,69.0,1270.0,5550.0,204523.0,2091489.0,0.0,2296012.0,6800,Africa,6092.0
Benin,BJ,BEN,2021,4665.0,30.0,2.0,2733.0,77.0,547.0,6274.0,399875.0,2614080.0,0.0,3013955.0,6900,Africa,7430.0
Benin,BJ,BEN,2022,4620.0,32.0,2.0,2853.0,63.0,640.0,6274.0,584002.0,2707431.0,0.0,3291433.0,6900,Africa,7507.0
Bermuda,BM,BMU,2018,,,,,,,,,,,,2,North America,0.0
Bermuda,BM,BMU,2019,,,,,,,,,,,,2,North America,0.0
Bermuda,BM,BMU,2020,,,,,,,,,,,,3,North America,0.0
Bermuda,BM,BMU,2021,,,,,,,,,,,,2,North America,0.0
Bermuda,BM,BMU,2022,,,,,,,,,,,,1,North America,0.0
Bhutan,BT,BTN,2018,1400.0,75.0,,,31.0,608.0,,608335.0,478874.0,,1087209.0,1100,Asia,1475.0
Bhutan,BT,BTN,2019,1100.0,180.0,0.0,,119.0,2057.0,0.0,12857.0,381263.0,0.0,408877.0,1300,Asia,1280.0
Bhutan,BT,BTN,2020,1100.0,150.0,5.0,255.0,18.0,794.0,2951.0,20000.0,316237.0,0.0,336237.0,1300,Asia,1510.0
Bhutan,BT,BTN,2021,1001.0,90.0,5.0,985.0,53.0,886.0,2259.0,60000.0,505861.0,0.0,615861.0,1300,Asia,2081.0
Bhutan,BT,BTN,2022,1082.0,130.0,3.0,554.0,53.0,886.0,2259.0,115861.0,680833.0,0.0,886694.0,1300,Asia,1769.0
Bosnia and Herzegovina,BA,BIH,2018,700.0,1.0,0.0,,112.0,8000.0,,7976671.0,,,7976671.0,850,Europe,701.0
Bosnia and Herzegovina,BA,BIH,2019,608.0,2.0,,,290.0,8000.0,,2997555.0,1760.0,0.0,2999315.0,910,Europe,610.0
Bosnia and Herzegovina,BA,BIH,2020,,,,,,,,71552.0,,,71552.0,850,Europe,0.0
Bosnia and Herzegovina,BA,BIH,2021,,,,,,,,73239.0,,,73239.0,810,Europe,0.0
Bosnia and Herzegovina,BA,BIH,2022,,,,,,,,43857.0,,,43857.0,780,Europe,0.0
Botswana,BW,BWA,2018,5400.0,165.0,10.0,,257.0,6700.0,10000.0,5838455.0,1900000.0,500000.0,8238455.0,6700,Africa,5575.0
Botswana,BW,BWA,2019,5400.0,150.0,15.0,,257.0,6700.0,6700.0,5069849.0,600000.0,300000.0,6069849.0,6300,Africa,5565.0
Botswana,BW,BWA,2020,7000.0,100.0,20.0,72000.0,120.0,8000.0,9000.0,11548220.0,2000000.0,0.0,14048220.0,5900,Africa,79120.0
Botswana,BW,BWA,2021,4500.0,100.0,5.0,73200.0,25.0,900.0,900.0,,,,,5900,Africa,77805.0
Botswana,BW,BWA,2022,3500.0,100.0,5.0,50000.0,25.0,900.0,900.0,6500000.0,300000.0,100000.0,7500000.0,6000,Africa,53605.0
Brazil,BR,BRA,2018,86000.0,1100.0,30.0,,45.0,2913.0,15404.0,47987348.0,0.0,0.0,47987348.0,96000,South America,87130.0
Brazil,BR,BRA,2019,93000.0,1300.0,20.0,,36.0,3332.0,5999.0,38052385.0,,,38169385.0,96000,South America,94320.0
Brazil,BR,BRA,2020,91000.0,900.0,10.0,20000.0,37.0,1695.0,7216.0,34157348.0,0.0,0.0,34179348.0,97000,South America,111910.0
Brazil,BR,BRA,2021,87000.0,800.0,40.0,25000.0,47.0,765.0,5140.0,27602345.0,0.0,0.0,27619345.0,104000,South America,112840.0
Brazil,BR,BRA,2022,93000.0,900.0,100.0,33000.0,50.0,5585.0,5751.0,33969698.0,0.0,0.0,33986698.0,105000,South America,127000.0
British Virgin Islands,VG,VGB,2018,,,,,,,,,,,,1,North America,0.0
British Virgin Islands,VG,VGB,2019,,,,,,,,,,,,1,North America,0.0
British Virgin Islands,VG,VGB,2020,,,,,,,,,,,,1,North America,0.0
British Virgin Islands,VG,VGB,2021,,,,,,,,,,,,1,North America,0.0
British Virgin Islands,VG,VGB,2022,,,,,,,,,,,,1,North America,0.0
Bulgaria,BG,BGR,2018,1492.0,34.0,1.0,,151.0,1770.0,1866.0,7449884.0,1385133.0,0.0,8835017.0,1600,Europe,1527.0
Bulgaria,BG,BGR,2019,1320.0,35.0,0.0,,141.0,0.0,0.0,7655138.0,0.0,0.0,7655138.0,1400,Europe,1355.0
Bulgaria,BG,BGR,2020,1254.0,30.0,1.0,1600.0,157.0,3672.0,3344.0,8408528.0,0.0,0.0,8408528.0,1300,Europe,2885.0
Bulgaria,BG,BGR,2021,1131.0,20.0,1.0,1600.0,167.0,6000.0,6133.0,4950315.0,0.0,0.0,4950315.0,1200,Europe,2752.0
Bulgaria,BG,BGR,2022,1420.0,20.0,1.0,2800.0,180.0,6900.0,7100.0,3408703.0,0.0,0.0,3408703.0,1100,Europe,4241.0
Burkina Faso,BF,BFA,2018,6408.0,84.0,5.0,,1598.0,0.0,387.0,521867.0,4100179.0,0.0,4627846.0,9800,Africa,6497.0
Burkina Faso,BF,BFA,2019,6552.0,97.0,10.0,,18.0,423.0,1594.0,303318.0,3265101.0,,3568419.0,9900,Africa,6659.0
Burkina Faso,BF,BFA,2020,6492.0,128.0,10.0,9766.0,18.0,297.0,555.0,148138.0,1213172.0,,1406739.0,9900,Africa,16396.0
Burkina Faso,BF,BFA,2021,7003.0,119.0,4.0,1275.0,26.0,663.0,1347.0,160000.0,1563944.0,0.0,1723944.0,9900,Africa,8401.0
Burkina Faso,BF,BFA,2022,7542.0,141.0,3.0,2630.0,42.0,879.0,843.0,95137.0,1795035.0,,1890172.0,9900,Africa,10316.0
Burundi,BI,BDI,2018,8447.0,147.0,0.0,,42.0,817.0,0.0,,,,,13000,Africa,8594.0
Burundi,BI,BDI,2019,8870.0,157.0,0.0,,529.0,2528.0,0.0,73099.0,622730.0,0.0,695829.0,13000,Africa,9027.0
Burundi,BI,BDI,2020,8802.0,165.0,0.0,28660.0,32.0,913.0,0.0,368946.0,610245.0,0.0,1652883.0,13000,Africa,37627.0
Burundi,BI,BDI,2021,8099.0,166.0,3.0,11247.0,6.0,195.0,4075.0,361478.0,1021786.0,0.0,1762654.0,13000,Africa,19515.0
Burundi,BI,BDI,2022,8910.0,210.0,17.0,8527.0,20.0,1051.0,4075.0,339802.0,1488356.0,0.0,2069018.0,12000,Africa,17664.0
Cambodia,KH,KHM,2018,35000.0,140.0,,,30.0,2500.0,,4559546.0,4979168.0,1700000.0,13288714.0,49000,Asia,35140.0
Cambodia,KH,KHM,2019,36000.0,150.0,1.0,,38.0,2700.0,5000.0,5184850.0,5000000.0,1000000.0,12414850.0,47000,Asia,36151.0
Cambodia,KH,KHM,2020,31017.0,140.0,1.0,,45.0,2500.0,5000.0,6247179.0,8330839.0,600000.0,16778018.0,46000,Asia,31158.0
Cambodia,KH,KHM,2021,31000.0,180.0,,,45.0,2500.0,,6300000.0,7892639.0,1500000.0,17440639.0,47000,Asia,31180.0
Cambodia,KH,KHM,2022,32000.0,150.0,,,45.0,2500.0,,6000000.0,12000000.0,1700000.0,20500000.0,54000,Asia,32150.0
Cameroon,CM,CMR,2018,29280.0,236.0,5.0,,77.0,354.0,494.0,1452071.0,2755188.0,0.0,4207259.0,47000,Africa,29521.0
Cameroon,CM,CMR,2019,30459.0,300.0,5.0,,74.0,418.0,,784514.0,3535813.0,,4320327.0,46000,Africa,30764.0
Cameroon,CM,CMR,2020,31616.0,350.0,3.0,0.0,26.0,1035.0,5391.0,662073.0,3229508.0,0.0,3974340.0,45000,Africa,31969.0
Cameroon,CM,CMR,2021,31300.0,250.0,7.0,8175.0,61.0,400.0,9256.0,567836.0,6042092.0,,7659928.0,45000,Africa,39732.0
Cameroon,CM,CMR,2022,32270.0,350.0,12.0,10649.0,42.0,284.0,1423.0,1438513.0,5728830.0,0.0,8367343.0,44000,Africa,43281.0
Canada,CA,CAN,2018,,,,,,,,,,,,2100,North America,0.0
Canada,CA,CAN,2019,,,,,,,,,,,,2200,North America,0.0
Canada,CA,CAN,2020,,,,,,,,,,,,2000,North America,0.0
Canada,CA,CAN,2021,,,,,,,,,,,,2200,North America,0.0
Canada,CA,CAN,2022,,,,,,,,,,,,2200,North America,0.0
Cayman Islands,KY,CYM,2018,,,,,,,,,,,,3,North America,0.0
Cayman Islands,KY,CYM,2019,,,,,,,,,,,,5,North America,0.0
Cayman Islands,KY,CYM,2020,,,,,,,,,,,,2,North America,0.0
Cayman Islands,KY,CYM,2021,,,,,,,,,,,,2,North America,0.0
Cayman Islands,KY,CYM,2022,,,,,,,,,,,,7,North America,0.0
Central African Republic,CF,CAF,2018,10959.0,95.0,2.0,,25.0,2000.0,2500.0,272484.0,1012868.0,,1285352.0,28000,Africa,11056.0
Central African Republic,CF,CAF,2019,12054.0,82.0,,,40.0,1192.0,,772672.0,1036438.0,60000.0,1949110.0,28000,Africa,12136.0
Central African Republic,CF,CAF,2020,15200.0,124.0,3.0,16140.0,40.0,789.0,1500.0,772672.0,1367434.0,200000.0,2420106.0,29000,Africa,31467.0
Central African Republic,CF,CAF,2021,14641.0,82.0,2.0,5000.0,124.0,1270.0,1500.0,1209240.0,2410763.0,47945.0,3694664.0,29000,Africa,19725.0
Central African Republic,CF,CAF,2022,14000.0,125.0,2.0,5000.0,125.0,1043.0,1500.0,732626.0,2389006.0,39817.0,3185341.0,30000,Africa,19127.0
Chad,TD,TCD,2018,14952.0,95.0,2.0,,,,,,2020614.0,,2020614.0,22000,Africa,15049.0
Chad,TD,TCD,2019,13548.0,92.0,3.0,,26.0,646.0,10453.0,357142.0,1732076.0,0.0,2089218.0,23000,Africa,13643.0
Chad,TD,TCD,2020,17506.0,140.0,3.0,2421.0,38.0,791.0,9458.0,400000.0,1560067.0,0.0,1990067.0,23000,Africa,20070.0
Chad,TD,TCD,2021,19261.0,177.0,3.0,3164.0,30.0,879.0,11552.0,525840.0,1641894.0,0.0,2375141.0,24000,Africa,22605.0
Chad,TD,TCD,2022,16273.0,259.0,3.0,3711.0,67.0,432.0,1989.0,,,0.0,0.0,25000,Africa,20246.0
Chile,CL,CHL,2018,2800.0,30.0,1.0,,80.0,4000.0,10000.0,250000.0,,,250000.0,3400,South America,2831.0
Chile,CL,CHL,2019,3000.0,100.0,5.0,,100.0,7000.0,12000.0,250000.0,0.0,0.0,250000.0,3300,South America,3105.0
Chile,CL,CHL,2020,3000.0,100.0,5.0,2500.0,100.0,6000.0,12000.0,60000.0,0.0,0.0,60000.0,2800,South America,5605.0
Chile,CL,CHL,2021,,,,,,,,,,,,3000,South America,0.0
Chile,CL,CHL,2022,,,,,,,,,,,,3300,South America,0.0
China,CN,CHN,2018,773148.0,8000.0,,,48.0,12041.0,,527810103.0,,,541022541.0,860000,Asia,781148.0
China,CN,CHN,2019,777556.0,9009.0,,,76.0,17685.0,,664180563.0,0.0,0.0,671018526.0,826000,Asia,786565.0
China,CN,CHN,2020,777556.0,15525.0,,,106.0,23451.0,,884489066.0,,,884841179.0,833000,Asia,793081.0
China,CN,CHN,2021,733320.0,18010.0,,,80.0,20133.0,,792175512.0,,,792366077.0,780000,Asia,751330.0
China,CN,CHN,2022,688586.0,14000.0,,70000.0,79.0,21495.0,,862153599.0,,,862153599.0,748000,Asia,772586.0
Colombia,CO,COL,2018,15300.0,200.0,2.0,,27.0,2500.0,0.0,3741000.0,0.0,0.0,3741000.0,16000,South America,15502.0
Colombia,CO,COL,2019,14792.0,184.0,20.0,,37.0,2487.0,14957.0,4184919.0,,,4184919.0,18000,South America,14996.0
Colombia,CO,COL,2020,14900.0,404.0,10.0,2600.0,50.0,2600.0,4500.0,6176700.0,0.0,0.0,6176700.0,18000,South America,17914.0
Colombia,CO,COL,2021,14900.0,202.0,10.0,2600.0,30.0,950.0,950.0,3631600.0,0.0,0.0,3631600.0,21000,South America,17712.0
Colombia,CO,COL,2022,14500.0,262.0,10.0,2100.0,32.0,1282.0,900.0,5073584.0,400000.0,0.0,5473584.0,25000,South America,16872.0
Comoros,KM,COM,2018,,,,,,,,,,,,270,Africa,0.0
Comoros,KM,COM,2019,,,,,,,,,,,,280,Africa,0.0
Comoros,KM,COM,2020,,,,,,,,,,,,280,Africa,0.0
Comoros,KM,COM,2021,,,,,,,,,,,,290,Africa,0.0
Comoros,KM,COM,2022,,,,,,,,,,,,290,Africa,0.0
Congo,CG,COG,2018,11628.0,70.0,0.0,,19.0,1647.0,0.0,1091802.0,434512.0,0.0,1526314.0,20000,Africa,11698.0
Congo,CG,COG,2019,12689.0,120.0,0.0,,19.0,538.0,0.0,52324.0,870356.0,0.0,922680.0,21000,Africa,12809.0
Congo,CG,COG,2020,12141.0,167.0,0.0,0.0,34.0,903.0,0.0,94912.0,5966084.0,0.0,6060996.0,21000,Africa,12308.0
Congo,CG,COG,2021,13766.0,206.0,0.0,1153.0,18.0,499.0,,1045318.0,776003.0,,1821321.0,22000,Africa,15125.0
Congo,CG,COG,2022,14454.0,253.0,3.0,1744.0,21.0,828.0,4522.0,2813795.0,338084.0,0.0,3151879.0,22000,Africa,16454.0
Cook Islands,CK,COK,2018,,,,,,,,,,,,0,Oceania,0.0
Cook Islands,CK,COK,2019,,,,,,,,,,,,2,Oceania,0.0
Cook Islands,CK,COK,2020,,,,,,,,,,,,2,Oceania,0.0
Cook Islands,CK,COK,2021,,,,,,,,,,,,2,Oceania,0.0
Cook Islands,CK,COK,2022,,,,,,,,,,,,2,Oceania,0.0
Costa Rica,CR,CRI,2018,,,,,,,,,,,,510,North America,0.0
Costa Rica,CR,CRI,2019,,,,,,,,,,,,510,North America,0.0
Costa Rica,CR,CRI,2020,,,,,,,,,,,,510,North America,0.0
Costa Rica,CR,CRI,2021,,,,,,,,,,,,520,North America,0.0
Costa Rica,CR,CRI,2022,364.0,2.0,0.0,555.0,34.0,31.0,0.0,,,,,530,North America,921.0
Croatia,HR,HRV,2018,,,,,,,,,,,,420,Europe,0.0
Croatia,HR,HRV,2019,,,,,,,,,,,,340,Europe,0.0
Croatia,HR,HRV,2020,,,,,,,,,,,,200,Europe,0.0
Croatia,HR,HRV,2021,,,,,,,,,,,,180,Europe,0.0
Croatia,HR,HRV,2022,,,,,,,,,,,,110,Europe,0.0
Cuba,CU,CUB,2018,,,,,,,,,,,,820,North America,0.0
Cuba,CU,CUB,2019,,,,,,,,,,,,730,North America,0.0
Cuba,CU,CUB,2020,,,,,,,,,,,,720,North America,0.0
Cuba,CU,CUB,2021,,,,,,,,,,,,740,North America,0.0
Cuba,CU,CUB,2022,,,,,,,,,,,,740,North America,0.0
Cyprus,CY,CYP,2018,,,,,,,,,,,,59,Asia,0.0
Cyprus,CY,CYP,2019,,,,,,,,,,,,76,Asia,0.0
Cyprus,CY,CYP,2020,,,,,,,,,,,,39,Asia,0.0
Cyprus,CY,CYP,2021,,,,,,,,,,,,55,Asia,0.0
Cyprus,CY,CYP,2022,,,,,,,,,,,,100,Asia,0.0
Czechia,CZ,CZE,2018,,,,,,,,,,,,500,Europe,0.0
Czechia,CZ,CZE,2019,,,,,,,,,,,,530,Europe,0.0
Czechia,CZ,CZE,2020,,,,,,,,,,,,410,Europe,0.0
Czechia,CZ,CZE,2021,,,,,,,,,,,,400,Europe,0.0
Czechia,CZ,CZE,2022,,,,,,,,,,,,440,Europe,0.0
Denmark,DK,DNK,2018,,,,,,,,,,,,310,Europe,0.0
Denmark,DK,DNK,2019,,,,,,,,,,,,300,Europe,0.0
Denmark,DK,DNK,2020,,,,,,,,,,,,240,Europe,0.0
Denmark,DK,DNK,2021,,,,,,,,,,,,220,Europe,0.0
Denmark,DK,DNK,2022,,,,,,,,,,,,240,Europe,0.0
Djibouti,DJ,DJI,2018,938.0,73.0,6.0,,104.0,840.0,4765.0,,470570.0,,470570.0,2500,Africa,1017.0
Djibouti,DJ,DJI,2019,2269.0,72.0,6.0,,25.0,907.0,4741.0,,476867.0,50000.0,526867.0,2300,Africa,2347.0
Djibouti,DJ,DJI,2020,2261.0,70.0,6.0,,33.0,887.0,4740.0,,718017.0,,718017.0,2100,Africa,2337.0
Djibouti,DJ,DJI,2021,1900.0,60.0,6.0,0.0,,,,,,,,2200,Africa,1966.0
Djibouti,DJ,DJI,2022,,,,,,,,,,,,2700,Africa,0.0
Dominica,DM,DMA,2018,,,,,,,,,,,,5,North America,0.0
Dominica,DM,DMA,2019,,,,,,,,,,,,11,North America,0.0
Dominica,DM,DMA,2020,,,,,,,,,,,,12,North America,0.0
Dominica,DM,DMA,2021,,,,,,,,,,,,12,North America,0.0
Dominica,DM,DMA,2022,,,,,,,,,,,,12,North America,0.0
Dominican Republic,DO,DOM,2018,5036.0,215.0,10.0,,64.0,1669.0,23610.0,16628094.0,4742113.0,80000.0,21450207.0,4900,North America,5261.0
Dominican Republic,DO,DOM,2019,4743.0,189.0,5.0,,64.0,1421.0,23610.0,18978288.0,2282650.0,0.0,21260938.0,4500,North America,4937.0
Dominican Republic,DO,DOM,2020,4576.0,233.0,5.0,2407.0,64.0,2400.0,4000.0,18558031.0,2542680.0,0.0,21100711.0,4600,North America,7221.0
Dominican Republic,DO,DOM,2021,4400.0,233.0,12.0,5000.0,64.0,2400.0,4000.0,25979882.0,500000.0,42000.0,26521882.0,4700,North America,9645.0
Dominican Republic,DO,DOM,2022,4500.0,293.0,,7272.0,53.0,1749.0,,3233931.0,1071648.0,0.0,4361861.0,4800,North America,12065.0
Ecuador,EC,ECU,2018,6647.0,156.0,1.0,,24.0,1024.0,12613.0,481322.0,,,481322.0,7400,South America,6804.0
Ecuador,EC,ECU,2019,7038.0,315.0,10.0,,58.0,1150.0,10113.0,979714.0,0.0,0.0,979714.0,7900,South America,7363.0
Ecuador,EC,ECU,2020,7000.0,450.0,30.0,788.0,85.0,394.0,1241.0,826078.0,0.0,0.0,826078.0,7700,South America,8268.0
Ecuador,EC,ECU,2021,6500.0,320.0,15.0,828.0,35.0,1102.0,843.0,592095.0,0.0,0.0,592095.0,8200,South America,7663.0
Ecuador,EC,ECU,2022,6570.0,500.0,34.0,600.0,69.0,564.0,802.0,758730.0,0.0,0.0,758730.0,8200,South America,7704.0
Egypt,EG,EGY,2018,8250.0,130.0,2.0,,29.0,1054.0,1894.0,,,,,13000,Africa,8382.0
Egypt,EG,EGY,2019,8500.0,120.0,,,,,,,,,,12000,Africa,8620.0
Egypt,EG,EGY,2020,,,,,,,,,,,,12000,Africa,0.0
Egypt,EG,EGY,2021,,,,,,,,,,,,11000,Africa,0.0
Egypt,EG,EGY,2022,10282.0,448.0,10.0,1500.0,43.0,1138.0,1607.0,7500000.0,500000.0,0.0,8000000.0,11000,Africa,12240.0
El Salvador,SV,SLV,2018,3288.0,19.0,0.0,,38.0,2024.0,0.0,1465145.0,4426305.0,0.0,5901450.0,4500,North America,3307.0
El Salvador,SV,SLV,2019,4223.0,27.0,,,41.0,299.0,,10110865.0,1696893.0,,11807758.0,3800,North America,4250.0
El Salvador,SV,SLV,2020,4262.0,28.0,0.0,1400.0,6.0,162.0,0.0,8788385.0,2120806.0,0.0,10909191.0,2600,North America,5690.0
El Salvador,SV,SLV,2021,3685.0,29.0,0.0,4680.0,16.0,790.0,0.0,5228929.0,1672805.0,0.0,6901734.0,2400,North America,8394.0
El Salvador,SV,SLV,2022,2080.0,42.0,0.0,5000.0,15.0,3053.0,0.0,8016012.0,1667967.0,0.0,9683979.0,3200,North America,7122.0
Equatorial Guinea,GQ,GNQ,2018,,,,,,,,,,,,3800,Africa,0.0
Equatorial Guinea,GQ,GNQ,2019,2000.0,50.0,2.0,,,,,329000.0,,,329000.0,4400,Africa,2052.0
Equatorial Guinea,GQ,GNQ,2020,1848.0,40.0,9.0,2000.0,40.0,1080.0,4060.0,283000.0,0.0,0.0,403880.0,4400,Africa,3897.0
Equatorial Guinea,GQ,GNQ,2021,2070.0,54.0,10.0,780.0,40.0,729.0,3835.0,782458.0,0.0,0.0,1021821.0,4500,Africa,2914.0
Equatorial Guinea,GQ,GNQ,2022,2447.0,81.0,7.0,1800.0,45.0,957.0,4222.0,624308.0,0.0,0.0,774308.0,4600,Africa,4335.0
Eritrea,ER,ERI,2018,2772.0,40.0,,,57.0,2836.0,,20000.0,1404440.0,0.0,1434440.0,3100,Africa,2812.0
Eritrea,ER,ERI,2019,2186.0,40.0,0.0,,43.0,3437.0,0.0,,1404488.0,,1404488.0,3000,Africa,2226.0
Eritrea,ER,ERI,2020,2000.0,30.0,0.0,1500.0,57.0,4550.0,0.0,,1597303.0,,1597303.0,2800,Africa,3530.0
Eritrea,ER,ERI,2021,2190.0,35.0,0.0,1000.0,57.0,4550.0,0.0,,1597303.0,,1597303.0,2700,Africa,3225.0
Eritrea,ER,ERI,2022,2376.0,59.0,0.0,1000.0,61.0,1455.0,0.0,0.0,1900148.0,0.0,1900148.0,2600,Africa,3435.0
Estonia,EE,EST,2018,160.0,30.0,10.0,,90.0,8000.0,30000.0,1200100.0,,,1200100.0,170,Europe,200.0
Estonia,EE,EST,2019,125.0,25.0,5.0,,150.0,11000.0,30000.0,1034450.0,,,1034450.0,170,Europe,155.0
Estonia,EE,EST,2020,120.0,24.0,4.0,120.0,160.0,15000.0,35000.0,1108000.0,,,1108000.0,140,Europe,268.0
Estonia,EE,EST,2021,,,,,,,,,,,,120,Europe,0.0
Estonia,EE,EST,2022,,,,,,,,,,,,140,Europe,0.0
Eswatini,SZ,SWZ,2018,3863.0,251.0,12.0,,284.0,7466.0,29097.0,1738295.0,5713115.0,,12499768.0,5100,Africa,4126.0
Eswatini,SZ,SWZ,2019,3751.0,346.0,12.0,,284.0,7466.0,29097.0,2055370.0,6548651.0,,12025371.0,4200,Africa,4109.0
Eswatini,SZ,SWZ,2020,3600.0,338.0,10.0,21102.0,28.0,4353.0,14999.0,3215464.0,4956028.0,,12994835.0,3900,Africa,25050.0
Eswatini,SZ,SWZ,2021,1661.0,300.0,25.0,45891.0,121.0,3950.0,14950.0,1326665.0,3627155.0,4507644.0,9653831.0,3900,Africa,47877.0
Eswatini,SZ,SWZ,2022,1725.0,198.0,10.0,3693.0,398.0,4250.0,4250.0,1245367.0,5364093.0,4674322.0,11852238.0,3900,Africa,5626.0
Ethiopia,ET,ETH,2018,117705.0,2900.0,,,45.0,2300.0,,10190096.0,16793726.0,10706629.0,40530224.0,168000,Africa,120605.0
Ethiopia,ET,ETH,2019,117705.0,2900.0,,,45.0,2300.0,,10319329.0,13388780.0,11447314.0,37940235.0,160000,Africa,120605.0
Ethiopia,ET,ETH,2020,121627.0,1500.0,,,45.0,4500.0,,9303503.0,13057257.0,12349000.0,37653602.0,151000,Africa,123127.0
Ethiopia,ET,ETH,2021,121627.0,1200.0,6.0,26470.0,45.0,2000.0,2100.0,13257323.0,19894539.0,12500000.0,48078415.0,143000,Africa,149303.0
Ethiopia,ET,ETH,2022,115905.0,1250.0,,27114.0,50.0,3000.0,,14601066.0,19398632.0,12800000.0,51501599.0,156000,Africa,144269.0
Fiji,FJ,FJI,2018,489.0,2.0,0.0,,70.0,6000.0,0.0,332459.0,313736.0,0.0,646195.0,500,Oceania,491.0
Fiji,FJ,FJI,2019,450.0,4.0,0.0,,70.0,1000.0,0.0,1030000.0,0.0,0.0,1055000.0,610,Oceania,454.0
Fiji,FJ,FJI,2020,450.0,2.0,,900.0,20.0,1000.0,,471000.0,,,481000.0,610,Oceania,1352.0
Fiji,FJ,FJI,2021,450.0,5.0,,900.0,20.0,1000.0,,271000.0,,,281000.0,610,Oceania,1355.0
Fiji,FJ,FJI,2022,500.0,5.0,0.0,900.0,20.0,1000.0,,652000.0,,,682000.0,620,Oceania,1405.0
Finland,FI,FIN,2018,,,,,,,,,,,,260,Europe,0.0
Finland,FI,FIN,2019,,,,,,,,,,,,260,Europe,0.0
Finland,FI,FIN,2020,,,,,,,,,,,,200,Europe,0.0
Finland,FI,FIN,2021,,,,,,,,,,,,200,Europe,0.0
Finland,FI,FIN,2022,,,,,,,,,,,,220,Europe,0.0
France,FR,FRA,2018,,,,,,,,,,,,5800,Europe,0.0
France,FR,FRA,2019,,,,,,,,,,,,5900,Europe,0.0
France,FR,FRA,2020,,,,,,,,,,,,5300,Europe,0.0
France,FR,FRA,2021,,,,,,,,,,,,4900,Europe,0.0
France,FR,FRA,2022,,,,,,,,,,,,4700,Europe,0.0
French Polynesia,PF,PYF,2018,,,,,,,,,,,,62,Oceania,0.0
French Polynesia,PF,PYF,2019,,,,,,,,,,,,57,Oceania,0.0
French Polynesia,PF,PYF,2020,,,,,,,,,,,,74,Oceania,0.0
French Polynesia,PF,PYF,2021,,,,,,,,,,,,39,Oceania,0.0
French Polynesia,PF,PYF,2022,,,,,,,,,,,,63,Oceania,0.0
Gabon,GA,GAB,2018,7356.0,122.0,0.0,,136.0,891.0,,1905388.0,2891849.0,,4797237.0,12000,Africa,7478.0
Gabon,GA,GAB,2019,6840.0,104.0,6.0,,18.0,641.0,3237.0,1377539.0,379284.0,,1855914.0,12000,Africa,6950.0
Gabon,GA,GAB,2020,7043.0,122.0,7.0,649.0,79.0,1389.0,,975468.0,459880.0,,1474043.0,12000,Africa,7821.0
Gabon,GA,GAB,2021,,,,,,,,,356324.0,,356324.0,12000,Africa,0.0
Gabon,GA,GAB,2022,6755.0,113.0,20.0,5211.0,,,,161537.0,1237570.0,0.0,1399107.0,12000,Africa,12099.0
Gambia,GM,GMB,2018,2785.0,17.0,0.0,,,,,,,,,4000,Africa,2802.0
Gambia,GM,GMB,2019,,,,,,,,,,,,4000,Africa,0.0
Gambia,GM,GMB,2020,2960.0,18.0,0.0,0.0,25.0,399.0,0.0,,,,,4000,Africa,2978.0
Gambia,GM,GMB,2021,2744.0,50.0,0.0,2275.0,,,,,,,,3900,Africa,5069.0
Gambia,GM,GMB,2022,,,,,,,,,,,,3900,Africa,0.0
Georgia,GE,GEO,2018,2650.0,280.0,70.0,,66.0,3830.0,5000.0,6236002.0,4865885.0,120276.0,13999104.0,3000,Asia,3000.0
Georgia,GE,GEO,2019,2300.0,285.0,35.0,,81.0,3033.0,3033.0,6225437.0,6572395.0,198800.0,14083209.0,2800,Asia,2620.0
Georgia,GE,GEO,2020,1904.0,270.0,30.0,300.0,41.0,3279.0,6000.0,5562586.0,2827470.0,0.0,10220446.0,2600,Asia,2504.0
Georgia,GE,GEO,2021,1832.0,191.0,30.0,400.0,42.0,4363.0,6944.0,4970055.0,3619143.0,0.0,10123811.0,2400,Asia,2453.0
Georgia,GE,GEO,2022,1680.0,164.0,50.0,600.0,44.0,4000.0,5500.0,6317742.0,2924662.0,0.0,10185847.0,2200,Asia,2494.0
Germany,DE,DEU,2018,,,,,,,,,,,,5800,Europe,0.0
Germany,DE,DEU,2019,,,,,,,,,,,,5100,Europe,0.0
Germany,DE,DEU,2020,,,,,,,,,,,,4400,Europe,0.0
Germany,DE,DEU,2021,,,,,,,,,,,,4200,Europe,0.0
Germany,DE,DEU,2022,,,,,,,,,,,,4300,Europe,0.0
Ghana,GH,GHA,2018,19764.0,284.0,0.0,,27.0,1162.0,0.0,3755000.0,4569381.0,150000.0,8474381.0,46000,Africa,20048.0
Ghana,GH,GHA,2019,21681.0,284.0,5.0,,22.0,2200.0,3100.0,2650557.0,9268081.0,150000.0,12068638.0,45000,Africa,21970.0
Ghana,GH,GHA,2020,26234.0,319.0,5.0,22200.0,27.0,2500.0,2500.0,6228637.0,7308000.0,150000.0,13686637.0,45000,Africa,48758.0
Ghana,GH,GHA,2021,22491.0,384.0,3.0,19165.0,30.0,1200.0,2100.0,1037575.0,5365473.0,150000.0,6553048.0,45000,Africa,42043.0
Ghana,GH,GHA,2022,23819.0,426.0,4.0,22857.0,30.0,1500.0,2500.0,1426144.0,7724613.0,150000.0,9300757.0,44000,Africa,47106.0
Greece,GR,GRC,2018,,,,,,,,,,,,470,Europe,0.0
Greece,GR,GRC,2019,,,,,,,,,,,,500,Europe,0.0
Greece,GR,GRC,2020,,,,,,,,,,,,440,Europe,0.0
Greece,GR,GRC,2021,,,,,,,,,,,,220,Europe,0.0
Greece,GR,GRC,2022,,,,,,,,,,,,230,Europe,0.0
Greenland,GL,GRL,2018,,,,,,,,,,,,56,North America,0.0
Greenland,GL,GRL,2019,,,,,,,,,,,,72,North America,0.0
Greenland,GL,GRL,2020,,,,,,,,,,,,85,North America,0.0
Greenland,GL,GRL,2021,,,,,,,,,,,,39,North America,0.0
Greenland,GL,GRL,2022,,,,,,,,,,,,67,North America,0.0
Grenada,GD,GRD,2018,,,,,,,,,,,,3,North America,0.0
Grenada,GD,GRD,2019,,,,,,,,,,,,4,North America,0.0
Grenada,GD,GRD,2020,,,,,,,,,,,,4,North America,0.0
Grenada,GD,GRD,2021,,,,,,,,,,,,4,North America,0.0
Grenada,GD,GRD,2022,,,,,,,,,,,,4,North America,0.0
Guam,GU,GUM,2018,,,,,,,,,,,,82,Oceania,0.0
Guam,GU,GUM,2019,,,,,,,,,,,,91,Oceania,0.0
Guam,GU,GUM,2020,,,,,,,,,,,,66,Oceania,0.0
Guam,GU,GUM,2021,,,,,,,,,,,,67,Oceania,0.0
Guam,GU,GUM,2022,,,,,,,,,,,,68,Oceania,0.0
Guatemala,GT,GTM,2018,4172.0,105.0,13.0,,51.0,1060.0,11075.0,1316584.0,1825886.0,,3142470.0,4400,North America,4290.0
Guatemala,GT,GTM,2019,3568.0,80.0,6.0,,272.0,8128.0,84956.0,2901638.0,1391475.0,,4293113.0,4500,North America,3654.0
Guatemala,GT,GTM,2020,3715.0,80.0,2.0,1300.0,30.0,760.0,2042.0,2868327.0,1329376.0,0.0,4197703.0,4300,North America,5097.0
Guatemala,GT,GTM,2021,3780.0,90.0,6.0,1750.0,37.0,760.0,2042.0,2849233.0,2758506.0,0.0,5607739.0,4500,North America,5626.0
Guatemala,GT,GTM,2022,3884.0,90.0,5.0,2876.0,37.0,760.0,2042.0,4586700.0,2536022.0,,7122722.0,4600,North America,6855.0
Guinea,GN,GIN,2018,13569.0,223.0,3.0,,27.0,3005.0,8964.0,871412.0,1738138.0,0.0,3005328.0,22000,Africa,13795.0
Guinea,GN,GIN,2019,14243.0,277.0,5.0,,27.0,3005.0,8964.0,991412.0,1985138.0,0.0,3479250.0,23000,Africa,14525.0
Guinea,GN,GIN,2020,17657.0,305.0,14.0,9800.0,30.0,3005.0,8964.0,981193.0,2738138.0,0.0,4286720.0,23000,Africa,27776.0
Guinea,GN,GIN,2021,17245.0,323.0,17.0,15390.0,38.0,616.0,53356.0,481193.0,1791582.0,0.0,2479804.0,24000,Africa,32975.0
Guinea,GN,GIN,2022,18202.0,482.0,20.0,23424.0,40.0,616.0,5235.0,219427.0,2481457.0,0.0,2806884.0,24000,Africa,42128.0
Guinea-Bissau,GW,GNB,2018,3117.0,43.0,0.0,,36.0,2613.0,0.0,321964.0,1813564.0,0.0,2138028.0,7000,Africa,3160.0
Guinea-Bissau,GW,GNB,2019,3428.0,49.0,,,35.0,2330.0,,171200.0,2374463.0,,2557013.0,7100,Africa,3477.0
Guinea-Bissau,GW,GNB,2020,3599.0,56.0,,1252.0,26.0,2147.0,,100000.0,1534277.0,0.0,1638277.0,7300,Africa,4907.0
Guinea-Bissau,GW,GNB,2021,2643.0,45.0,3.0,1052.0,,,,,,,,7400,Africa,3743.0
Guinea-Bissau,GW,GNB,2022,3170.0,55.0,3.0,1850.0,41.0,5032.0,5034.0,100000.0,2446864.0,0.0,2546864.0,7600,Africa,5078.0
Guyana,GY,GUY,2018,795.0,21.0,0.0,,220.0,1190.0,0.0,761055.0,307736.0,0.0,1068791.0,640,South America,816.0
Guyana,GY,GUY,2019,800.0,28.0,0.0,,258.0,1830.0,0.0,851532.0,314041.0,0.0,1165573.0,620,South America,828.0
Guyana,GY,GUY,2020,516.0,31.0,0.0,1000.0,295.0,1700.0,0.0,983340.0,126095.0,0.0,1109435.0,460,South America,1547.0
Guyana,GY,GUY,2021,492.0,17.0,0.0,800.0,258.0,1520.0,0.0,905216.0,247952.0,0.0,1153168.0,520,South America,1309.0
Guyana,GY,GUY,2022,590.0,16.0,0.0,1000.0,217.0,1625.0,0.0,1053389.0,155193.0,0.0,1208582.0,490,South America,1606.0
Haiti,HT,HTI,2018,15576.0,150.0,,,7.0,1120.0,,1175897.0,6822933.0,,8556330.0,19000,North America,15726.0
Haiti,HT,HTI,2019,16044.0,190.0,,,39.0,831.0,,1175897.0,8813164.0,,10132374.0,19000,North America,16234.0
Haiti,HT,HTI,2020,17836.0,220.0,,22535.0,67.0,1965.0,,481112.0,10386928.0,,11657527.0,19000,North America,40591.0
Haiti,HT,HTI,2021,17642.0,246.0,0.0,4359.0,12.0,1167.0,,362729.0,6159270.0,,6743644.0,18000,North America,22247.0
Haiti,HT,HTI,2022,16614.0,283.0,0.0,5860.0,22.0,2053.0,0.0,423411.0,6280320.0,,7280697.0,18000,North America,22757.0
Honduras,HN,HND,2018,2414.0,37.0,0.0,,26.0,1850.0,0.0,2703575.0,2905302.0,0.0,5720987.0,3600,North America,2451.0
Honduras,HN,HND,2019,2835.0,41.0,0.0,,26.0,1850.0,,2428107.0,2378551.0,0.0,4920449.0,3100,North America,2876.0
Honduras,HN,HND,2020,2835.0,35.0,0.0,780.0,29.0,1408.0,0.0,2550763.0,737189.0,0.0,3307952.0,3000,North America,3650.0
Honduras,HN,HND,2021,2112.0,22.0,0.0,1344.0,395.0,553.0,0.0,2163270.0,1212990.0,0.0,3376260.0,3100,North America,3478.0
Honduras,HN,HND,2022,2673.0,36.0,0.0,2393.0,31.0,802.0,0.0,,739422.0,,739422.0,3200,North America,5102.0
Hungary,HU,HUN,2018,,,,,,,,,,,,690,Europe,0.0
Hungary,HU,HUN,2019,,,,,,,,,,,,610,Europe,0.0
Hungary,HU,HUN,2020,,,,,,,,,,,,440,Europe,0.0
Hungary,HU,HUN,2021,,,,,,,,,,,,360,Europe,0.0
Hungary,HU,HUN,2022,,,,,,,,,,,,500,Europe,0.0
Iceland,IS,ISL,2018,,,,,,,,,,,,9,Europe,0.0
Iceland,IS,ISL,2019,,,,,,,,,,,,15,Europe,0.0
Iceland,IS,ISL,2020,,,,,,,,,,,,14,Europe,0.0
Iceland,IS,ISL,2021,,,,,,,,,,,,8,Europe,0.0
Iceland,IS,ISL,2022,,,,,,,,,,,,18,Europe,0.0
India,IN,IND,2018,2916997.0,59400.0,2970.0,,45.0,1000.0,5000.0,458064516.0,71441852.0,20000000.0,579506368.0,2850000,Asia,2979367.0
India,IN,IND,2019,3000000.0,71000.0,4000.0,,30.0,800.0,1200.0,450000000.0,78000000.0,15000000.0,583000000.0,2800000,Asia,3075000.0
India,IN,IND,2020,2290000.0,57500.0,2195.0,1150000.0,30.0,800.0,1800.0,420200000.0,53200000.0,19300000.0,496700000.0,2750000,Asia,3499695.0
India,IN,IND,2021,1781382.0,52800.0,13200.0,900000.0,33.0,450.0,2700.0,358185153.0,159648385.0,18984000.0,544258912.0,2810000,Asia,2747382.0
India,IN,IND,2022,1820019.0,53055.0,9714.0,3500000.0,24.0,330.0,600.0,474104881.0,63604944.0,20000000.0,582134236.0,2820000,Asia,5382788.0
Indonesia,ID,IDN,2018,530493.0,5733.0,,,36.0,1216.0,,101565995.0,38499843.0,9112295.0,149445763.0,843000,Asia,536226.0
Indonesia,ID,IDN,2019,599338.0,9367.0,,,41.0,2312.0,,109214607.0,30005171.0,13146606.0,157337285.0,842000,Asia,608705.0
Indonesia,ID,IDN,2020,675887.0,10372.0,0.0,49222.0,44.0,1399.0,0.0,42077548.0,63827819.0,4557267.0,110915494.0,817000,Asia,735481.0
Indonesia,ID,IDN,2021,711934.0,14536.0,281.0,108415.0,46.0,1441.0,2161.0,102845275.0,63051851.0,9740179.0,175637305.0,928000,Asia,835166.0
Indonesia,ID,IDN,2022,752370.0,16511.0,755.0,141728.0,49.0,1485.0,1864.0,70615273.0,94447783.0,11752664.0,177687088.0,1060000,Asia,911364.0
Iraq,IQ,IRQ,2018,8000.0,80.0,3.0,,40.0,4000.0,4000.0,19920969.0,1499031.0,0.0,21420000.0,12000,Asia,8083.0
Iraq,IQ,IRQ,2019,7500.0,85.0,2.0,,40.0,4000.0,4000.0,19710000.0,680000.0,0.0,20390000.0,12000,Asia,7587.0
Iraq,IQ,IRQ,2020,6000.0,140.0,7.0,2800.0,40.0,4000.0,4000.0,19710000.0,650000.0,0.0,20360000.0,11000,Asia,8947.0
Iraq,IQ,IRQ,2021,6000.0,140.0,15.0,3000.0,40.0,4000.0,4000.0,19710000.0,650000.0,0.0,20360000.0,11000,Asia,9155.0
Iraq,IQ,IRQ,2022,7000.0,290.0,10.0,3000.0,40.0,4000.0,4000.0,19710000.0,650000.0,0.0,20360000.0,10000,Asia,10300.0
Ireland,IE,IRL,2018,,,,,,,,,,,,340,Europe,0.0
Ireland,IE,IRL,2019,,,,,,,,,,,,280,Europe,0.0
Ireland,IE,IRL,2020,,,,,,,,,,,,260,Europe,0.0
Ireland,IE,IRL,2021,,,,,,,,,,,,240,Europe,0.0
Ireland,IE,IRL,2022,,,,,,,,,,,,230,Europe,0.0
Israel,IL,ISR,2018,,,,,,,,,,,,340,Asia,0.0
Israel,IL,ISR,2019,,,,,,,,,,,,250,Asia,0.0
Israel,IL,ISR,2020,,,,,,,,,,,,180,Asia,0.0
Israel,IL,ISR,2021,,,,,,,,,,,,240,Asia,0.0
Israel,IL,ISR,2022,,,,,,,,,,,,230,Asia,0.0
Italy,IT,ITA,2018,,,,,,,,,,,,4300,Europe,0.0
Italy,IT,ITA,2019,,,,,,,,,,,,3700,Europe,0.0
Italy,IT,ITA,2020,,,,,,,,,,,,2500,Europe,0.0
Italy,IT,ITA,2021,,,,,,,,,,,,2700,Europe,0.0
Italy,IT,ITA,2022,,,,,,,,,,,,2700,Europe,0.0
Jamaica,JM,JAM,2018,,,,,,,,,,,,98,North America,0.0
Jamaica,JM,JAM,2019,130.0,0.0,0.0,,282.0,,,54671.0,0.0,0.0,54671.0,89,North America,130.0
Jamaica,JM,JAM,2020,,,,,,,,,0.0,0.0,0.0,87,North America,0.0
Jamaica,JM,JAM,2021,,,,,,,,,0.0,0.0,0.0,89,North America,0.0
Jamaica,JM,JAM,2022,,,,,,,,,0.0,0.0,0.0,89,North America,0.0
Japan,JP,JPN,2018,,,,,,,,,,,,18000,Asia,0.0
Japan,JP,JPN,2019,,,,,,,,,,,,17000,Asia,0.0
Japan,JP,JPN,2020,,,,,,,,,,,,15000,Asia,0.0
Japan,JP,JPN,2021,,,,,,,,,,,,13000,Asia,0.0
Japan,JP,JPN,2022,,,,,,,,,,,,12000,Asia,0.0
Jordan,JO,JOR,2018,540.0,3.0,1.0,,365.0,1000.0,2000.0,1000000.0,290000.0,0.0,1300000.0,520,Asia,544.0
Jordan,JO,JOR,2019,397.0,2.0,1.0,,150.0,2250.0,3000.0,600000.0,872000.0,0.0,1477000.0,590,Asia,400.0
Jordan,JO,JOR,2020,430.0,4.0,1.0,700.0,200.0,2750.0,3250.0,50000.0,1472000.0,0.0,1532000.0,510,Asia,1135.0
Jordan,JO,JOR,2021,250.0,4.0,1.0,400.0,400.0,6000.0,4000.0,600000.0,900000.0,0.0,1500000.0,470,Asia,655.0
Jordan,JO,JOR,2022,280.0,3.0,1.0,1000.0,150.0,2800.0,9000.0,1500000.0,2300000.0,0.0,4000000.0,420,Asia,1284.0
Kazakhstan,KZ,KAZ,2018,10058.0,5734.0,668.0,,126.0,3222.0,15615.0,126856666.0,4871889.0,265853.0,133845328.0,12000,Asia,16460.0
Kazakhstan,KZ,KAZ,2019,8588.0,6826.0,732.0,,150.0,1846.0,4810.0,126500411.0,5854430.0,300000.0,133922326.0,13000,Asia,16146.0
Kazakhstan,KZ,KAZ,2020,6500.0,6300.0,600.0,4000.0,200.0,2500.0,5000.0,114826597.0,4486319.0,1000000.0,121267298.0,13000,Asia,17400.0
Kazakhstan,KZ,KAZ,2021,5000.0,4300.0,1200.0,4000.0,222.0,2400.0,3500.0,116825630.0,2363120.0,,119438750.0,14000,Asia,14500.0
Kazakhstan,KZ,KAZ,2022,5515.0,4060.0,373.0,4550.0,170.0,3903.0,5500.0,112830968.0,6827814.0,2500000.0,122281482.0,15000,Asia,14498.0
Kenya,KE,KEN,2018,98373.0,671.0,36.0,,22.0,1056.0,5000.0,13794399.0,12894020.0,92352.0,26780771.0,146000,Africa,99080.0
Kenya,KE,KEN,2019,104704.0,850.0,3.0,,22.0,3000.0,5000.0,17672714.0,8045384.0,4157092.0,29875190.0,136000,Africa,105557.0
Kenya,KE,KEN,2020,111062.0,826.0,3.0,6696.0,27.0,3300.0,5000.0,17853436.0,13687810.0,5163000.0,36799916.0,130000,Africa,118587.0
Kenya,KE,KEN,2021,101366.0,995.0,8.0,276321.0,40.0,1805.0,1805.0,18924367.0,17556149.0,5681335.0,42161851.0,132000,Africa,378690.0
Kenya,KE,KEN,2022,92520.0,1076.0,,259302.0,32.0,1499.0,,16091646.0,23706641.0,6719148.0,46517435.0,128000,Africa,352898.0
Kiribati,KI,KIR,2018,520.0,3.0,0.0,,70.0,0.0,0.0,0.0,200000.0,0.0,415800.0,430,Oceania,523.0
Kiribati,KI,KIR,2019,400.0,2.0,,,20.0,2816.0,,,158913.0,,496865.0,540,Oceania,402.0
Kiribati,KI,KIR,2020,646.0,4.0,0.0,,20.0,2816.0,,,108115.0,,348631.0,530,Oceania,650.0
Kiribati,KI,KIR,2021,417.0,4.0,,,20.0,2816.0,,129460.0,114038.0,,489369.0,550,Oceania,421.0
Kiribati,KI,KIR,2022,426.0,4.0,0.0,,20.0,2816.0,,77758.0,88404.0,,419590.0,570,Oceania,430.0
Kuwait,KW,KWT,2018,,,,,,,,,,,,940,Asia,0.0
Kuwait,KW,KWT,2019,,,,,,,,,,,,910,Asia,0.0
Kuwait,KW,KWT,2020,,,,,,,,,,,,790,Asia,0.0
Kuwait,KW,KWT,2021,,,,,,,,,,,,850,Asia,0.0
Kuwait,KW,KWT,2022,,,,,,,,,,,,520,Asia,0.0
Kyrgyzstan,KG,KGZ,2018,7995.0,1088.0,118.0,,68.0,3108.0,3872.0,12760575.0,2295186.0,6107251.0,24719880.0,7200,Asia,9201.0
Kyrgyzstan,KG,KGZ,2019,7695.0,250.0,1046.0,,56.0,1250.0,4552.0,11500000.0,3317489.0,3945410.0,19260088.0,7000,Asia,8991.0
Kyrgyzstan,KG,KGZ,2020,7695.0,1150.0,250.0,1350.0,56.0,2350.0,3234.0,7814175.0,6084207.0,1888994.0,16067523.0,6800,Asia,10445.0
Kyrgyzstan,KG,KGZ,2021,5040.0,1328.0,284.0,253.0,65.0,1793.0,2802.0,8004652.0,2348028.0,2324624.0,13062463.0,7500,Asia,6905.0
Kyrgyzstan,KG,KGZ,2022,3800.0,888.0,140.0,300.0,65.0,1875.0,5300.0,8459303.0,5349086.0,2486601.0,16374990.0,8600,Asia,5128.0
Latvia,LV,LVA,2018,530.0,35.0,20.0,,,,,2185827.0,,,2185827.0,540,Europe,585.0
Latvia,LV,LVA,2019,500.0,50.0,10.0,,,,,2216505.0,,,2216505.0,460,Europe,560.0
Latvia,LV,LVA,2020,500.0,50.0,10.0,,,,,2216505.0,,,2216505.0,370,Europe,560.0
Latvia,LV,LVA,2021,,,,,,,,,,,,290,Europe,0.0
Latvia,LV,LVA,2022,,,,,,,,,,,,350,Europe,0.0
Lebanon,LB,LBN,2018,740.0,19.0,2.0,,28.0,1542.0,4686.0,464461.0,2378162.0,0.0,2842623.0,750,Asia,761.0
Lebanon,LB,LBN,2019,710.0,8.0,2.0,,33.0,1245.0,2486.0,468403.0,326182.0,0.0,794585.0,870,Asia,720.0
Lebanon,LB,LBN,2020,860.0,10.0,1.0,11365.0,34.0,2164.0,1064.0,1170480.0,238084.0,0.0,1442964.0,760,Asia,12236.0
Lebanon,LB,LBN,2021,705.0,10.0,2.0,5000.0,42.0,1299.0,830.0,532064.0,208710.0,0.0,992774.0,540,Asia,5717.0
Lebanon,LB,LBN,2022,573.0,10.0,2.0,2227.0,44.0,1700.0,844.0,19600.0,592787.0,,626787.0,590,Asia,2812.0
Lesotho,LS,LSO,2018,7200.0,264.0,,,30.0,3000.0,,1011281.0,1814552.0,,2825833.0,14000,Africa,7464.0
Lesotho,LS,LSO,2019,9106.0,137.0,,,158.0,4222.0,,578455.0,2696494.0,,5386579.0,15000,Africa,9243.0
Lesotho,LS,LSO,2020,8880.0,414.0,,27900.0,83.0,2395.0,,5524183.0,5531518.0,0.0,11263346.0,14000,Africa,37194.0
Lesotho,LS,LSO,2021,9100.0,905.0,,29200.0,118.0,1016.0,,4094870.0,5823609.0,692399.0,10610878.0,14000,Africa,39205.0
Lesotho,LS,LSO,2022,8500.0,1100.0,,26100.0,120.0,1020.0,,12363562.0,4144758.0,232822.0,16741142.0,15000,Africa,35700.0
Liberia,LR,LBR,2018,9008.0,232.0,0.0,,43.0,1446.0,0.0,152040.0,1497464.0,0.0,6396847.0,15000,Africa,9240.0
Liberia,LR,LBR,2019,10812.0,254.0,0.0,,25.0,1361.0,0.0,0.0,1648328.0,0.0,1648328.0,15000,Africa,11066.0
Liberia,LR,LBR,2020,11721.0,358.0,0.0,2344.0,20.0,765.0,,286718.0,1771197.0,0.0,2057915.0,16000,Africa,14423.0
Liberia,LR,LBR,2021,8648.0,126.0,0.0,138.0,181.0,3882.0,,286718.0,3117574.0,0.0,3404292.0,16000,Africa,8912.0
Liberia,LR,LBR,2022,12390.0,250.0,7.0,197.0,104.0,2037.0,8387.0,,2201556.0,299000.0,2505942.0,16000,Africa,12844.0
Libya,LY,LBY,2018,,,,,,,,,,,,2600,Africa,0.0
Libya,LY,LBY,2019,,,,,,,,,,,,3900,Africa,0.0
Libya,LY,LBY,2020,2400.0,10.0,,150.0,,,,,,,,3900,Africa,2560.0
Libya,LY,LBY,2021,2200.0,14.0,,200.0,227.0,2500.0,,600000.0,,,2600000.0,4000,Africa,2414.0
Libya,LY,LBY,2022,2400.0,15.0,,500.0,230.0,2500.0,,647000.0,0.0,0.0,3147000.0,4000,Africa,2915.0
Lithuania,LT,LTU,2018,,,,,,,,,,,,1200,Europe,0.0
Lithuania,LT,LTU,2019,,,,,,,,,,,,1200,Europe,0.0
Lithuania,LT,LTU,2020,,,,,,,,,,,,790,Europe,0.0
Lithuania,LT,LTU,2021,,,,,,,,,,,,720,Europe,0.0
Lithuania,LT,LTU,2022,,,,,,,,,,,,830,Europe,0.0
Luxembourg,LU,LUX,2018,,,,,,,,,,,,48,Europe,0.0
Luxembourg,LU,LUX,2019,,,,,,,,,,,,55,Europe,0.0
Luxembourg,LU,LUX,2020,,,,,,,,,,,,37,Europe,0.0
Luxembourg,LU,LUX,2021,,,,,,,,,,,,39,Europe,0.0
Luxembourg,LU,LUX,2022,,,,,,,,,,,,54,Europe,0.0
Madagascar,MG,MDG,2018,34007.0,55.0,0.0,,20.0,823.0,0.0,,3281982.0,,3281982.0,63000,Africa,34062.0
Madagascar,MG,MDG,2019,35973.0,34.0,0.0,,26.0,1699.0,0.0,0.0,2890763.0,0.0,2890763.0,64000,Africa,36007.0
Madagascar,MG,MDG,2020,36856.0,50.0,3.0,2133.0,32.0,1200.0,2000.0,0.0,3250185.0,0.0,3250185.0,66000,Africa,39042.0
Madagascar,MG,MDG,2021,39308.0,177.0,0.0,3000.0,30.0,1030.0,0.0,0.0,6373997.0,0.0,6373997.0,67000,Africa,42485.0
Madagascar,MG,MDG,2022,43781.0,110.0,5.0,10510.0,31.0,737.0,2198.0,,,,,69000,Africa,54406.0
Malawi,MW,MWI,2018,20766.0,110.0,,,43.0,2746.0,,2196601.0,4012658.0,4426244.0,13075789.0,28000,Africa,20876.0
Malawi,MW,MWI,2019,22400.0,130.0,,,32.0,2000.0,,1442238.0,4481477.0,3424633.0,10837809.0,28000,Africa,22530.0
Malawi,MW,MWI,2020,20012.0,114.0,3.0,241637.0,40.0,1929.0,8730.0,1751644.0,8387057.0,3765639.0,15559874.0,27000,Africa,261766.0
Malawi,MW,MWI,2021,24319.0,232.0,3.0,78013.0,40.0,3800.0,8730.0,462973.0,5703015.0,3500000.0,19852545.0,26000,Africa,102567.0
Malawi,MW,MWI,2022,23192.0,236.0,2.0,76088.0,33.0,1635.0,2000.0,462973.0,5902615.0,4000000.0,19186453.0,25000,Africa,99518.0
Malaysia,MY,MYS,2018,28000.0,110.0,2.0,,70.0,2000.0,45000.0,15980000.0,,,15980000.0,30000,Asia,28112.0
Malaysia,MY,MYS,2019,28000.0,110.0,2.0,,70.0,2000.0,45000.0,15980000.0,,,15980000.0,30000,Asia,28112.0
Malaysia,MY,MYS,2020,28000.0,110.0,2.0,2000.0,70.0,2000.0,45000.0,15984000.0,,,15984000.0,30000,Asia,30112.0
Malaysia,MY,MYS,2021,26000.0,110.0,3.0,10000.0,70.0,2000.0,40000.0,16580000.0,,,16580000.0,33000,Asia,36113.0
Malaysia,MY,MYS,2022,28000.0,200.0,5.0,6000.0,70.0,2000.0,40000.0,16846000.0,,,16846000.0,38000,Asia,34205.0
Maldives,MV,MDV,2018,,,,,,,,,,,,160,Asia,0.0
Maldives,MV,MDV,2019,,,,,,,,,,,,180,Asia,0.0
Maldives,MV,MDV,2020,,,,,,,,,,,,190,Asia,0.0
Maldives,MV,MDV,2021,,,,,,,,,,,,200,Asia,0.0
Maldives,MV,MDV,2022,,,,,,,,,,,,200,Asia,0.0
Mali,ML,MLI,2018,8176.0,60.0,,,132.0,1608.0,,1310908.0,4116255.0,,5427163.0,11000,Africa,8236.0
Mali,ML,MLI,2019,8830.0,60.0,0.0,,96.0,3636.0,0.0,569279.0,1083601.0,,1652880.0,11000,Africa,8890.0
Mali,ML,MLI,2020,7188.0,89.0,,302.0,82.0,8674.0,,407866.0,998354.0,303325.0,1709545.0,11000,Africa,7579.0
Mali,ML,MLI,2021,7816.0,56.0,,,96.0,3912.0,,2382120.0,3433986.0,0.0,6104580.0,11000,Africa,7872.0
Mali,ML,MLI,2022,8000.0,96.0,3.0,5060.0,23.0,1716.0,2500.0,1047759.0,7199003.0,,8246762.0,11000,Africa,13159.0
Malta,MT,MLT,2018,,,,,,,,,,,,63,Europe,0.0
Malta,MT,MLT,2019,,,,,,,,,,,,110,Europe,0.0
Malta,MT,MLT,2020,,,,,,,,,,,,160,Europe,0.0
Malta,MT,MLT,2021,,,,,,,,,,,,62,Europe,0.0
Malta,MT,MLT,2022,,,,,,,,,,,,69,Europe,0.0
Marshall Islands,MH,MHL,2018,300.0,2.0,0.0,,24000.0,400000.0,0.0,,176000.0,,176000.0,420,Oceania,302.0
Marshall Islands,MH,MHL,2019,300.0,0.0,0.0,,12000.0,200000.0,250000.0,230000.0,12000.0,0.0,642000.0,220,Oceania,300.0
Marshall Islands,MH,MHL,2020,300.0,2.0,0.0,600.0,100.0,180000.0,0.0,580000.0,172000.0,500000.0,1575200.0,210,Oceania,902.0
Marshall Islands,MH,MHL,2021,150.0,1.0,0.0,2000.0,80.0,180000.0,0.0,599413.0,280000.0,,1162000.0,200,Oceania,2151.0
Marshall Islands,MH,MHL,2022,119.0,2.0,0.0,4000.0,2000.0,,,444000.0,400000.0,,844000.0,200,Oceania,4121.0
Mauritania,MR,MRT,2018,2928.0,40.0,2.0,,,833.0,9437.0,,1164961.0,0.0,1164961.0,4000,Africa,2970.0
Mauritania,MR,MRT,2019,2886.0,37.0,2.0,,28.0,920.0,8500.0,717688.0,481587.0,0.0,1199275.0,3900,Africa,2925.0
Mauritania,MR,MRT,2020,2934.0,43.0,2.0,917.0,,833.0,9437.0,,1164961.0,,1164961.0,3800,Africa,3896.0
Mauritania,MR,MRT,2021,2934.0,48.0,3.0,1660.0,29.0,1495.0,9437.0,323932.0,1900000.0,,2223932.0,3800,Africa,4645.0
Mauritania,MR,MRT,2022,,,,,,,,,,,,3700,Africa,0.0
Mauritius,MU,MUS,2018,,,,,,,,,,,,170,Africa,0.0
Mauritius,MU,MUS,2019,,,,,,,,,,,,150,Africa,0.0
Mauritius,MU,MUS,2020,,,,,,,,,,,,160,Africa,0.0
Mauritius,MU,MUS,2021,,,,,,,,,,,,160,Africa,0.0
Mauritius,MU,MUS,2022,,,,,,,,,,,,160,Africa,0.0
Mexico,MX,MEX,2018,22084.0,394.0,12.0,,83.0,893.0,4863.0,12013738.0,0.0,0.0,12013738.0,29000,North America,22490.0
Mexico,MX,MEX,2019,23192.0,441.0,10.0,,77.0,389.0,1659.0,11105557.0,0.0,0.0,11105557.0,29000,North America,23643.0
Mexico,MX,MEX,2020,25217.0,485.0,15.0,0.0,64.0,130.0,1106.0,13059495.0,0.0,0.0,13059495.0,29000,North America,25717.0
Mexico,MX,MEX,2021,25778.0,488.0,12.0,14742.0,75.0,374.0,1333.0,13934709.0,0.0,0.0,13934709.0,32000,North America,41020.0
Mexico,MX,MEX,2022,25969.0,345.0,25.0,16168.0,27.0,584.0,1544.0,7950060.0,0.0,0.0,7950060.0,36000,North America,42507.0
Monaco,MC,MCO,2018,,,,,,,,,,,,1,Europe,0.0
Monaco,MC,MCO,2019,,,,,,,,,,,,0,Europe,0.0
Monaco,MC,MCO,2020,,,,,,,,,,,,0,Europe,0.0
Monaco,MC,MCO,2021,,,,,,,,,,,,0,Europe,0.0
Monaco,MC,MCO,2022,,,,,,,,,,,,0,Europe,0.0
Mongolia,MN,MNG,2018,4764.0,241.0,10.0,,78.0,2500.0,18000.0,3649499.0,2424462.0,0.0,6073961.0,14000,Asia,5015.0
Mongolia,MN,MNG,2019,4200.0,245.0,10.0,,119.0,2500.0,18000.0,4283643.0,1302004.0,0.0,5585647.0,14000,Asia,4455.0
Mongolia,MN,MNG,2020,3947.0,314.0,8.0,1900.0,126.0,1853.0,3300.0,4279247.0,1086273.0,,5555520.0,13000,Asia,6169.0
Mongolia,MN,MNG,2021,3866.0,313.0,5.0,1700.0,110.0,1300.0,1800.0,4506001.0,2557756.0,,7103757.0,14000,Asia,5884.0
Mongolia,MN,MNG,2022,3397.0,314.0,8.0,2500.0,116.0,1300.0,1800.0,6305730.0,3187946.0,,9501528.0,15000,Asia,6219.0
Montenegro,ME,MNE,2018,,,,,,,,,,,,97,Europe,0.0
Montenegro,ME,MNE,2019,,,,,,,,,,,,92,Europe,0.0
Montenegro,ME,MNE,2020,,,,,,,,,,,,91,Europe,0.0
Montenegro,ME,MNE,2021,,,,,,,,,,,,90,Europe,0.0
Montenegro,ME,MNE,2022,,,,,,,,,,,,90,Europe,0.0
Montserrat,MS,MSR,2018,,,,,,,,,,,,0,North America,0.0
Montserrat,MS,MSR,2019,,,,,,,,,,,,0,North America,0.0
Montserrat,MS,MSR,2020,,,,,,,,,,,,0,North America,0.0
Montserrat,MS,MSR,2021,,,,,,,,,,,,0,North America,0.0
Montserrat,MS,MSR,2022,,,,,,,,,,,,0,North America,0.0
Morocco,MA,MAR,2018,34300.0,247.0,25.0,,52.0,970.0,6770.0,15520000.0,775500.0,0.0,16295500.0,36000,Africa,34572.0
Morocco,MA,MAR,2019,32854.0,356.0,20.0,,62.0,3753.0,6992.0,18470578.0,1776110.0,0.0,20740688.0,35000,Africa,33230.0
Morocco,MA,MAR,2020,32889.0,386.0,3.0,1686.0,55.0,2256.0,4426.0,24602189.0,727253.0,0.0,25931159.0,35000,Africa,34964.0
Morocco,MA,MAR,2021,33803.0,361.0,52.0,8301.0,92.0,1407.0,2684.0,22035327.0,1496573.0,0.0,24092900.0,35000,Africa,42517.0
Morocco,MA,MAR,2022,33432.0,414.0,13.0,13859.0,93.0,1407.0,3930.0,24193030.0,2078953.0,0.0,26271983.0,35000,Africa,47718.0
Mozambique,MZ,MOZ,2018,90794.0,1600.0,84.0,,29.0,3037.0,3037.0,1500000.0,20682455.0,,30434552.0,106000,Africa,92478.0
Mozambique,MZ,MOZ,2019,97684.0,1915.0,84.0,,29.0,3037.0,7670.0,2084790.0,16922481.0,,24747734.0,109000,Africa,99683.0
Mozambique,MZ,MOZ,2020,103248.0,2280.0,127.0,29191.0,30.0,3038.0,4446.0,3176000.0,13644703.0,3050000.0,26225047.0,113000,Africa,134846.0
Mozambique,MZ,MOZ,2021,83839.0,1592.0,158.0,44680.0,30.0,3038.0,4446.0,3562346.0,16606515.0,4400000.0,29849060.0,116000,Africa,130269.0
Mozambique,MZ,MOZ,2022,97278.0,1715.0,86.0,69222.0,30.0,3038.0,4446.0,3690125.0,16082739.0,8435995.0,30830105.0,119000,Africa,168301.0
Myanmar,MM,MMR,2018,158624.0,3400.0,30.0,,24.0,1040.0,10000.0,2125422.0,25722031.0,1000000.0,31854361.0,178000,Asia,162054.0
Myanmar,MM,MMR,2019,154859.0,3510.0,40.0,,23.0,1122.0,9500.0,1848555.0,32150253.0,0.0,39082790.0,171000,Asia,158409.0
Myanmar,MM,MMR,2020,154994.0,3933.0,150.0,3024.0,35.0,1352.0,4431.0,3112950.0,34553968.0,5200000.0,47661459.0,164000,Asia,162101.0
Myanmar,MM,MMR,2021,142893.0,2921.0,398.0,8743.0,47.0,1473.0,4701.0,4852183.0,34871126.0,7523000.0,52044630.0,195000,Asia,154955.0
Myanmar,MM,MMR,2022,146693.0,3301.0,515.0,11439.0,36.0,994.0,3082.0,4937603.0,35029975.0,8500000.0,50740285.0,257000,Asia,161948.0
Namibia,,NAM,2018,8525.0,363.0,36.0,,62.0,3315.0,,27940544.0,1400000.0,24385.0,29364929.0,13000,Africa,8924.0
Namibia,,NAM,2019,8657.0,366.0,11.0,,62.0,2985.0,25350.0,30740513.0,4480389.0,8236.0,35229138.0,12000,Africa,9034.0
Namibia,,NAM,2020,10400.0,622.0,18.0,22510.0,62.0,2985.0,16560.0,8101424.0,3500000.0,0.0,13201424.0,11000,Africa,33550.0
Namibia,,NAM,2021,10400.0,375.0,38.0,33323.0,62.0,2985.0,16560.0,7779176.0,780073.0,549830.0,10409079.0,11000,Africa,44136.0
Namibia,,NAM,2022,9600.0,819.0,25.0,12000.0,62.0,2985.0,16560.0,2152757.0,2502568.0,,5725325.0,12000,Africa,22444.0
Nauru,NR,NRU,2018,,,,,,,,,,,,6,Oceania,0.0
Nauru,NR,NRU,2019,,,,,,,,,,,,20,Oceania,0.0
Nauru,NR,NRU,2020,,,,,,,,,,,,15,Oceania,0.0
Nauru,NR,NRU,2021,,,,,,,,,,,,24,Oceania,0.0
Nauru,NR,NRU,2022,,,,,,,,,,,,22,Oceania,0.0
Nepal,NP,NPL,2018,,,,,,,,9782800.0,7996908.0,,17779708.0,70000,Asia,0.0
Nepal,NP,NPL,2019,36031.0,250.0,250.0,,27.0,1292.0,3289.0,7808086.0,7592729.0,0.0,15400815.0,69000,Asia,36531.0
Nepal,NP,NPL,2020,35000.0,500.0,70.0,3200.0,29.0,1000.0,2290.0,7585843.0,9193917.0,0.0,16779760.0,66000,Asia,38770.0
Nepal,NP,NPL,2021,37536.0,792.0,426.0,3181.0,32.0,2200.0,6200.0,7020168.0,8995535.0,0.0,16065703.0,68000,Asia,41935.0
Nepal,NP,NPL,2022,38300.0,840.0,,3800.0,53.0,2178.0,,7335479.0,10495503.0,,17870752.0,70000,Asia,42940.0
New Caledonia,NC,NCL,2018,,,,,,,,,,,,43,Oceania,0.0
New Caledonia,NC,NCL,2019,,,,,,,,,,,,26,Oceania,0.0
New Caledonia,NC,NCL,2020,,,,,,,,,,,,48,Oceania,0.0
New Caledonia,NC,NCL,2021,,,,,,,,,,,,29,Oceania,0.0
New Caledonia,NC,NCL,2022,,,,,,,,,,,,31,Oceania,0.0
New Zealand,NZ,NZL,2018,,,,,,,,,,,,350,Oceania,0.0
New Zealand,NZ,NZL,2019,,,,,,,,,,,,360,Oceania,0.0
New Zealand,NZ,NZL,2020,,,,,,,,,,,,360,Oceania,0.0
New Zealand,NZ,NZL,2021,,,,,,,,,,,,350,Oceania,0.0
New Zealand,NZ,NZL,2022,,,,,,,,,,,,310,Oceania,0.0
Nicaragua,NI,NIC,2018,2875.0,42.0,2.0,,22.0,16334.0,45166.0,4612886.0,3457902.0,0.0,8070788.0,2700,North America,2919.0
Nicaragua,NI,NIC,2019,2558.0,52.0,4.0,,56.0,7313.0,4931.0,6067167.0,1292382.0,0.0,7631990.0,2900,North America,2614.0
Nicaragua,NI,NIC,2020,2441.0,58.0,4.0,6880.0,56.0,2025.0,5660.0,6931394.0,1077021.0,0.0,8246436.0,2800,North America,9383.0
Nicaragua,NI,NIC,2021,2003.0,55.0,2.0,7.0,56.0,2025.0,5660.0,,,,,2900,North America,2067.0
Nicaragua,NI,NIC,2022,2000.0,54.0,4.0,900.0,56.0,2225.0,5800.0,,,,,3000,North America,2958.0
Niger,NE,NER,2018,13152.0,104.0,3.0,,,355.0,710.0,950000.0,905198.0,,1914731.0,20000,Africa,13259.0
Niger,NE,NER,2019,12050.0,102.0,10.0,,50.0,724.0,1896.0,,5432788.0,,5627769.0,20000,Africa,12162.0
Niger,NE,NER,2020,12990.0,121.0,,,53.0,845.0,6480.0,,8759111.0,,8926452.0,20000,Africa,13111.0
Niger,NE,NER,2021,13985.0,104.0,,,55.0,845.0,6480.0,,4387002.0,,4585596.0,20000,Africa,14089.0
Niger,NE,NER,2022,12704.0,102.0,8.0,7437.0,9.0,309.0,,,5566250.0,,5748804.0,20000,Africa,20251.0
Nigeria,NG,NGA,2018,391700.0,11116.0,445.0,,37.0,2831.0,23970.0,31640126.0,42966379.0,22000000.0,96606505.0,435000,Africa,403261.0
Nigeria,NG,NGA,2019,236649.0,5681.0,200.0,,40.0,2831.0,23970.0,22335038.0,64097623.0,24000000.0,110432661.0,445000,Africa,242530.0
Nigeria,NG,NGA,2020,255762.0,8370.0,200.0,491960.0,40.0,2831.0,23970.0,27002499.0,65115893.0,24000000.0,116118392.0,456000,Africa,756292.0
Nigeria,NG,NGA,2021,163098.0,7330.0,150.0,575980.0,40.0,2831.0,23970.0,27002499.0,66111619.0,24000000.0,117114118.0,467000,Africa,746558.0
Nigeria,NG,NGA,2022,215632.0,9690.0,50.0,347871.0,40.0,2831.0,23970.0,24252944.0,65062232.0,25000000.0,114315176.0,479000,Africa,573243.0
Niue,NU,NIU,2018,,,,,,,,,,,,3,Oceania,0.0
Niue,NU,NIU,2019,,,,,,,,,,,,0,Oceania,0.0
Niue,NU,NIU,2020,,,,,,,,,,,,1,Oceania,0.0
Niue,NU,NIU,2021,,,,,,,,,,,,1,Oceania,0.0
Niue,NU,NIU,2022,,,,,,,,,,,,1,Oceania,0.0
North Macedonia,MK,MKD,2018,220.0,2.0,0.0,,,,,,,,,280,Europe,222.0
North Macedonia,MK,MKD,2019,,,,,,,,,,,,250,Europe,0.0
North Macedonia,MK,MKD,2020,,,,,,,,,,,,250,Europe,0.0
North Macedonia,MK,MKD,2021,,,,,,,,,,,,240,Europe,0.0
North Macedonia,MK,MKD,2022,,,,,,,,,,,,220,Europe,0.0
Northern Mariana Islands,MP,MNP,2018,,,,,,,,,,,,54,Oceania,0.0
Northern Mariana Islands,MP,MNP,2019,,,,,,,,,,,,59,Oceania,0.0
Northern Mariana Islands,MP,MNP,2020,,,,,,,,,,,,47,Oceania,0.0
Northern Mariana Islands,MP,MNP,2021,,,,,,,,,,,,40,Oceania,0.0
Northern Mariana Islands,MP,MNP,2022,,,,,,,,,,,,26,Oceania,0.0
Norway,NO,NOR,2018,,,,,,,,,,,,220,Europe,0.0
Norway,NO,NOR,2019,,,,,,,,,,,,180,Europe,0.0
Norway,NO,NOR,2020,,,,,,,,,,,,170,Europe,0.0
Norway,NO,NOR,2021,,,,,,,,,,,,160,Europe,0.0
Norway,NO,NOR,2022,,,,,,,,,,,,180,Europe,0.0
Oman,OM,OMN,2018,,,,,,,,,,,,280,Asia,0.0
Oman,OM,OMN,2019,,,,,,,,,,,,420,Asia,0.0
Oman,OM,OMN,2020,,,,,,,,,,,,360,Asia,0.0
Oman,OM,OMN,2021,,,,,,,,,,,,270,Asia,0.0
Oman,OM,OMN,2022,,,,,,,,,,,,420,Asia,0.0
Pakistan,PK,PAK,2018,393242.0,3840.0,160.0,,32.0,2162.0,11616.0,3636632.0,64022702.0,0.0,67659334.0,582000,Asia,397242.0
Pakistan,PK,PAK,2019,400435.0,4275.0,225.0,,29.0,1165.0,4200.0,3626232.0,41894665.0,0.0,45638908.0,588000,Asia,404935.0
Pakistan,PK,PAK,2020,325164.0,3504.0,360.0,19200.0,26.0,2150.0,3906.0,3418859.0,49824819.0,0.0,53688469.0,584000,Asia,348228.0
Pakistan,PK,PAK,2021,422462.0,3528.0,1512.0,175260.0,24.0,1723.0,3906.0,3733164.0,60326750.0,19826.0,64079740.0,615000,Asia,602762.0
Pakistan,PK,PAK,2022,324531.0,3600.0,400.0,115190.0,38.0,2085.0,3966.0,4106480.0,55740707.0,0.0,59847187.0,608000,Asia,443721.0
Palau,PW,PLW,2018,,,,,,,,,,,,20,Oceania,0.0
Palau,PW,PLW,2019,,,,,,,,,,,,7,Oceania,0.0
Palau,PW,PLW,2020,,,,,,,,,,,,12,Oceania,0.0
Palau,PW,PLW,2021,,,,,,,,,,,,9,Oceania,0.0
Palau,PW,PLW,2022,,,,,,,,,,,,8,Oceania,0.0
Panama,PA,PAN,2018,1900.0,72.0,,,94.0,1915.0,,113035.0,822726.0,,935761.0,2200,North America,1972.0
Panama,PA,PAN,2019,1900.0,60.0,1.0,,94.0,15669.0,60000.0,,,,,1600,North America,1961.0
Panama,PA,PAN,2020,2000.0,50.0,4.0,,,,,,,,,1400,North America,2054.0
Panama,PA,PAN,2021,,,,,,,,,,,,1800,North America,0.0
Panama,PA,PAN,2022,1700.0,40.0,2.0,300.0,82.0,1146.0,3113.0,,,,,2100,North America,2042.0
Papua New Guinea,PG,PNG,2018,33858.0,588.0,,,35.0,2096.0,,14245222.0,3788325.0,95000.0,20239626.0,40000,Oceania,34446.0
Papua New Guinea,PG,PNG,2019,30630.0,536.0,27.0,,64.0,15109.0,26871.0,18653636.0,4270152.0,0.0,27513788.0,41000,Oceania,31193.0
Papua New Guinea,PG,PNG,2020,33000.0,1000.0,24.0,4000.0,34.0,6958.0,26871.0,16786265.0,4186549.0,,32484172.0,42000,Oceania,38024.0
Papua New Guinea,PG,PNG,2021,32017.0,676.0,7.0,2200.0,40.0,1286.0,5510.0,4538532.0,3141081.0,0.0,7804738.0,43000,Oceania,34900.0
Papua New Guinea,PG,PNG,2022,36453.0,940.0,10.0,3000.0,34.0,208.0,4882.0,4001785.0,3105683.0,0.0,7509213.0,44000,Oceania,40403.0
Paraguay,PY,PRY,2018,2589.0,32.0,1.0,,39.0,1449.0,0.0,3285256.0,1374373.0,0.0,4721659.0,2800,South America,2622.0
Paraguay,PY,PRY,2019,3462.0,25.0,1.0,,30.0,266.0,474.0,3920776.0,1181268.0,0.0,5149916.0,3000,South America,3488.0
Paraguay,PY,PRY,2020,3914.0,25.0,1.0,1000.0,37.0,1284.0,367.0,3648620.0,920550.0,0.0,4666240.0,3000,South America,4940.0
Paraguay,PY,PRY,2021,3452.0,25.0,1.0,942.0,37.0,1511.0,367.0,2992548.0,956843.0,0.0,4037194.0,3100,South America,4420.0
Paraguay,PY,PRY,2022,3400.0,25.0,1.0,8160.0,62.0,1243.0,0.0,2851761.0,986518.0,0.0,3838279.0,3100,South America,11586.0
Peru,PE,PER,2018,32560.0,2950.0,236.0,,50.0,1226.0,54000.0,124450108.0,8535334.0,0.0,132985442.0,38000,South America,35746.0
Peru,PE,PER,2019,32560.0,2547.0,277.0,,60.0,1477.0,5100.0,127051330.0,5100000.0,0.0,132151330.0,39000,South America,35384.0
Peru,PE,PER,2020,32930.0,1737.0,139.0,13119.0,60.0,1521.0,6284.0,125024160.0,3320713.0,0.0,128344873.0,38000,South America,47925.0
Peru,PE,PER,2021,32970.0,1737.0,139.0,13119.0,60.0,1468.0,6272.0,111703714.0,3304074.0,,115007788.0,43000,South America,47965.0
Peru,PE,PER,2022,26551.0,1822.0,195.0,14478.0,63.0,1497.0,6397.0,112391244.0,3846814.0,0.0,116238058.0,52000,South America,43046.0
Philippines,PH,PHL,2018,420260.0,9636.0,96.0,,21.0,6630.0,7958.0,59080154.0,29695082.0,2154958.0,93305859.0,602000,Asia,429992.0
Philippines,PH,PHL,2019,416617.0,10581.0,105.0,,40.0,6630.0,7958.0,24357641.0,51436361.0,,75794002.0,612000,Asia,427303.0
Philippines,PH,PHL,2020,434158.0,8500.0,,66399.0,46.0,900.0,,40095950.0,18054527.0,6467121.0,64617598.0,610000,Asia,509057.0
Philippines,PH,PHL,2021,470603.0,9900.0,55.0,117651.0,46.0,1659.0,3000.0,82279113.0,43847961.0,23963839.0,150090913.0,679000,Asia,598209.0
Philippines,PH,PHL,2022,490325.0,11700.0,100.0,197330.0,26.0,770.0,3000.0,70861545.0,44105478.0,17000000.0,131967023.0,737000,Asia,699455.0
Poland,PL,POL,2018,,,,,,,,,,,,6000,Europe,0.0
Poland,PL,POL,2019,,,,,,,,,,,,5700,Europe,0.0
Poland,PL,POL,2020,,,,,,,,,,,,3600,Europe,0.0
Poland,PL,POL,2021,,,,,,,,,,,,4000,Europe,0.0
Poland,PL,POL,2022,,,,,,,,,,,,4600,Europe,0.0
Portugal,PT,PRT,2018,,,,,,,,,,,,2100,Europe,0.0
Portugal,PT,PRT,2019,,,,,,,,,,,,2000,Europe,0.0
Portugal,PT,PRT,2020,,,,,,,,,,,,1600,Europe,0.0
Portugal,PT,PRT,2021,,,,,,,,,,,,1700,Europe,0.0
Portugal,PT,PRT,2022,,,,,,,,,,,,1600,Europe,0.0
Puerto Rico,PR,PRI,2018,,,,,,,,,,,,29,North America,0.0
Puerto Rico,PR,PRI,2019,,,,,,,,,,,,41,North America,0.0
Puerto Rico,PR,PRI,2020,,,,,,,,,,,,31,North America,0.0
Puerto Rico,PR,PRI,2021,,,,,,,,,,,,20,North America,0.0
Puerto Rico,PR,PRI,2022,,,,,,,,,,,,24,North America,0.0
Qatar,QA,QAT,2018,,,,,,,,,,,,860,Asia,0.0
Qatar,QA,QAT,2019,,,,,,,,,,,,990,Asia,0.0
Qatar,QA,QAT,2020,,,,,,,,,,,,990,Asia,0.0
Qatar,QA,QAT,2021,,,,,,,,,,,,1100,Asia,0.0
Qatar,QA,QAT,2022,,,,,,,,,,,,1000,Asia,0.0
Romania,RO,ROU,2018,20000.0,1000.0,100.0,,70.0,2700.0,8000.0,10250000.0,3289670.0,0.0,13539670.0,13000,Europe,21100.0
Romania,RO,ROU,2019,19000.0,1000.0,100.0,,70.0,2200.0,10000.0,10039546.0,2420250.0,0.0,13147250.0,13000,Europe,20100.0
Romania,RO,ROU,2020,16000.0,300.0,100.0,20000.0,70.0,3699.0,13715.0,7677368.0,1799689.0,0.0,10735567.0,8300,Europe,36400.0
Romania,RO,ROU,2021,,,,,,,,,,,,8700,Europe,0.0
Romania,RO,ROU,2022,,,,,,,,,,,,10000,Europe,0.0
Rwanda,RW,RWA,2018,5538.0,90.0,2.0,,30.0,1164.0,8181.0,219484.0,5942847.0,249574.0,6423616.0,7400,Africa,5630.0
Rwanda,RW,RWA,2019,5623.0,88.0,5.0,,33.0,858.0,4473.0,186003.0,4529732.0,0.0,4957301.0,7300,Africa,5716.0
Rwanda,RW,RWA,2020,5871.0,100.0,2.0,70482.0,36.0,1234.0,4286.0,1156811.0,6255250.0,259131.0,7695703.0,7500,Africa,76455.0
Rwanda,RW,RWA,2021,5331.0,80.0,2.0,2327.0,36.0,1234.0,4286.0,1922160.0,2024827.0,1831280.0,7369288.0,7600,Africa,7740.0
Rwanda,RW,RWA,2022,5735.0,61.0,3.0,16762.0,38.0,876.0,1483.0,1686744.0,4709224.0,450179.0,6934159.0,7700,Africa,22561.0
Saint Kitts and Nevis,KN,KNA,2018,,,,,,,,,,,,0,North America,0.0
Saint Kitts and Nevis,KN,KNA,2019,,,,,,,,,,,,2,North America,0.0
Saint Kitts and Nevis,KN,KNA,2020,,,,,,,,,,,,2,North America,0.0
Saint Kitts and Nevis,KN,KNA,2021,,,,,,,,,,,,0,North America,0.0
Saint Kitts and Nevis,KN,KNA,2022,,,,,,,,,,,,1,North America,0.0
Saint Lucia,LC,LCA,2018,,,,,,,,,,,,6,North America,0.0
Saint Lucia,LC,LCA,2019,,,,,,,,,,,,7,North America,0.0
Saint Lucia,LC,LCA,2020,,,,,,,,,,,,9,North America,0.0
Saint Lucia,LC,LCA,2021,,,,,,,,,,,,5,North America,0.0
Saint Lucia,LC,LCA,2022,,,,,,,,,,,,2,North America,0.0
Saint Vincent and the Grenadines,VC,VCT,2018,,,,,,,,,,,,7,North America,0.0
Saint Vincent and the Grenadines,VC,VCT,2019,,,,,,,,,,,,4,North America,0.0
Saint Vincent and the Grenadines,VC,VCT,2020,,,,,,,,,,,,7,North America,0.0
Saint Vincent and the Grenadines,VC,VCT,2021,,,,,,,,,,,,9,North America,0.0
Saint Vincent and the Grenadines,VC,VCT,2022,,,,,,,,,,,,12,North America,0.0
Samoa,WS,WSM,2018,,,,,,,,,,,,13,Oceania,0.0
Samoa,WS,WSM,2019,,,,,,,,,,,,21,Oceania,0.0
Samoa,WS,WSM,2020,,,,,,,,,,,,15,Oceania,0.0
Samoa,WS,WSM,2021,,,,,,,,,,,,15,Oceania,0.0
Samoa,WS,WSM,2022,,,,,,,,,,,,10,Oceania,0.0
San Marino,SM,SMR,2018,,,,,,,,,,,,0,Europe,0.0
San Marino,SM,SMR,2019,,,,,,,,,,,,0,Europe,0.0
San Marino,SM,SMR,2020,,,,,,,,,,,,0,Europe,0.0
San Marino,SM,SMR,2021,,,,,,,,,,,,0,Europe,0.0
San Marino,SM,SMR,2022,,,,,,,,,,,,0,Europe,0.0
Sao Tome and Principe,ST,STP,2018,200.0,9.0,1.0,,22.0,1800.0,4070.0,53250.0,241668.0,0.0,300818.0,260,Africa,210.0
Sao Tome and Principe,ST,STP,2019,200.0,7.0,1.0,,25.0,1800.0,4070.0,191359.0,227950.0,0.0,430891.0,240,Africa,208.0
Sao Tome and Principe,ST,STP,2020,200.0,7.0,0.0,194.0,25.0,1800.0,0.0,22220.0,267462.0,0.0,308482.0,250,Africa,401.0
Sao Tome and Principe,ST,STP,2021,200.0,7.0,0.0,194.0,25.0,2970.0,0.0,23301.0,267462.0,0.0,309563.0,250,Africa,401.0
Sao Tome and Principe,ST,STP,2022,207.0,9.0,0.0,170.0,38.0,1900.0,0.0,51350.0,342119.0,0.0,405138.0,260,Africa,386.0
Saudi Arabia,SA,SAU,2018,,,,,,,,,,,,3400,Africa,0.0
Saudi Arabia,SA,SAU,2019,,,,,,,,,,,,3400,Africa,0.0
Saudi Arabia,SA,SAU,2020,,,,,,,,,,,,2800,Africa,0.0
Saudi Arabia,SA,SAU,2021,,,,,,,,,,,,3000,Africa,0.0
Saudi Arabia,SA,SAU,2022,,,,,,,,,,,,3000,Africa,0.0
Senegal,SN,SEN,2018,15957.0,89.0,5.0,,,,,739532.0,2238691.0,0.0,3137193.0,18000,Africa,16051.0
Senegal,SN,SEN,2019,16898.0,126.0,5.0,,38.0,820.0,5308.0,1737238.0,2287149.0,0.0,4236406.0,19000,Africa,17029.0
Senegal,SN,SEN,2020,15040.0,93.0,5.0,0.0,35.0,6333.0,6333.0,1290727.0,1735553.0,0.0,3103581.0,19000,Africa,15138.0
Senegal,SN,SEN,2021,14509.0,158.0,5.0,7673.0,58.0,5675.0,5675.0,1842535.0,2659819.0,0.0,4581238.0,19000,Africa,22345.0
Senegal,SN,SEN,2022,,,,,,,,,,,,19000,Africa,0.0
Serbia,RS,SRB,2018,700.0,6.0,0.0,,98.0,6520.0,0.0,9414581.0,0.0,0.0,9414581.0,1300,Europe,706.0
Serbia,RS,SRB,2019,600.0,4.0,1.0,,98.0,9720.0,14280.0,8137706.0,0.0,0.0,8137706.0,1100,Europe,605.0
Serbia,RS,SRB,2020,,,,,,,,,,,,1100,Europe,0.0
Serbia,RS,SRB,2021,,,,,,,,,,,,1100,Europe,0.0
Serbia,RS,SRB,2022,,,,,,,,,,,,1000,Europe,0.0
Seychelles,SC,SYC,2018,,,,,,,,,,,,17,Africa,0.0
Seychelles,SC,SYC,2019,,,,,,,,,,,,16,Africa,0.0
Seychelles,SC,SYC,2020,,,,,,,,,,,,10,Africa,0.0
Seychelles,SC,SYC,2021,,,,,,,,,,,,13,Africa,0.0
Seychelles,SC,SYC,2022,,,,,,,,,,,,18,Africa,0.0
Sierra Leone,SL,SLE,2018,22278.0,195.0,,,32.0,1024.0,,264591.0,11086383.0,35465.0,11974180.0,23000,Africa,22473.0
Sierra Leone,SL,SLE,2019,23898.0,268.0,,,42.0,2161.0,,295250.0,5966058.0,,7068648.0,24000,Africa,24166.0
Sierra Leone,SL,SLE,2020,25776.0,330.0,,16000.0,42.0,2161.0,,470000.0,6048135.0,,7418135.0,24000,Africa,42106.0
Sierra Leone,SL,SLE,2021,19750.0,326.0,,14000.0,44.0,2161.0,,614412.0,5000000.0,,6256558.0,24000,Africa,34076.0
Sierra Leone,SL,SLE,2022,20182.0,410.0,,12151.0,44.0,2161.0,,661767.0,5080128.0,100000.0,6515271.0,25000,Africa,32743.0
Singapore,SG,SGP,2018,,,,,,,,,,,,2700,Asia,0.0
Singapore,SG,SGP,2019,,,,,,,,,,,,2400,Asia,0.0
Singapore,SG,SGP,2020,,,,,,,,,,,,2700,Asia,0.0
Singapore,SG,SGP,2021,,,,,,,,,,,,2800,Asia,0.0
Singapore,SG,SGP,2022,,,,,,,,,,,,3100,Asia,0.0
Sint Maarten (Dutch part),SX,SXM,2018,,,,,,,,,,,,8,North America,0.0
Sint Maarten (Dutch part),SX,SXM,2019,,,,,,,,,,,,6,North America,0.0
Sint Maarten (Dutch part),SX,SXM,2020,,,,,,,,,,,,1,North America,0.0
Sint Maarten (Dutch part),SX,SXM,2021,,,,,,,,,,,,1,North America,0.0
Sint Maarten (Dutch part),SX,SXM,2022,,,,,,,,,,,,2,North America,0.0
Slovakia,SK,SVK,2018,,,,,,,,,,,,310,Europe,0.0
Slovakia,SK,SVK,2019,,,,,,,,,,,,250,Europe,0.0
Slovakia,SK,SVK,2020,,,,,,,,,,,,180,Europe,0.0
Slovakia,SK,SVK,2021,,,,,,,,,,,,150,Europe,0.0
Slovakia,SK,SVK,2022,,,,,,,,,,,,160,Europe,0.0
Slovenia,SI,SVN,2018,,,,,,,,,,,,110,Europe,0.0
Slovenia,SI,SVN,2019,,,,,,,,,,,,110,Europe,0.0
Slovenia,SI,SVN,2020,,,,,,,,,,,,86,Europe,0.0
Slovenia,SI,SVN,2021,,,,,,,,,,,,91,Europe,0.0
Slovenia,SI,SVN,2022,,,,,,,,,,,,83,Europe,0.0
Solomon Islands,SB,SLB,2018,450.0,7.0,0.0,,70.0,670.0,0.0,482184.0,548576.0,0.0,1030760.0,480,Oceania,457.0
Solomon Islands,SB,SLB,2019,515.0,7.0,0.0,,70.0,670.0,0.0,419850.0,645584.0,0.0,1065434.0,440,Oceania,522.0
Solomon Islands,SB,SLB,2020,420.0,7.0,0.0,1000.0,70.0,670.0,0.0,490236.0,548255.0,0.0,1038491.0,400,Oceania,1427.0
Solomon Islands,SB,SLB,2021,423.0,2.0,0.0,1000.0,70.0,670.0,0.0,217695.0,548623.0,0.0,766318.0,460,Oceania,1425.0
Solomon Islands,SB,SLB,2022,436.0,2.0,0.0,1000.0,70.0,670.0,0.0,403041.0,354218.0,0.0,757259.0,430,Oceania,1438.0
Somalia,SO,SOM,2018,17700.0,434.0,16.0,,14.0,994.0,2708.0,,7499438.0,,7499438.0,40000,Africa,18150.0
Somalia,SO,SOM,2019,18500.0,600.0,,,57.0,1300.0,,,8229414.0,,8229414.0,41000,Africa,19100.0
Somalia,SO,SOM,2020,1800.0,500.0,10.0,2400.0,30.0,2900.0,2900.0,0.0,8151944.0,0.0,8151944.0,42000,Africa,4710.0
Somalia,SO,SOM,2021,30242.0,639.0,32.0,334023.0,41.0,1506.0,41.0,0.0,11794561.0,0.0,11794561.0,43000,Africa,364936.0
Somalia,SO,SOM,2022,24300.0,846.0,,3697.0,37.0,1006.0,,0.0,9934451.0,0.0,10184451.0,43000,Africa,28843.0
South Africa,ZA,ZAF,2018,291690.0,14863.0,3880.0,,35.0,678.0,5016.0,247352379.0,9042857.0,12500000.0,268895236.0,388000,Africa,310433.0
South Africa,ZA,ZAF,2019,317362.0,11400.0,600.0,,32.0,1331.0,8628.0,208274028.0,20448058.0,11000000.0,239722086.0,357000,Africa,329362.0
South Africa,ZA,ZAF,2020,305000.0,10000.0,450.0,600000.0,36.0,1246.0,4050.0,152134845.0,26589960.0,18000000.0,196724805.0,330000,Africa,915450.0
South Africa,ZA,ZAF,2021,308553.0,13719.0,500.0,635000.0,24.0,1246.0,4050.0,160953394.0,46360235.0,15000000.0,224713629.0,304000,Africa,957772.0
South Africa,ZA,ZAF,2022,299745.0,12828.0,513.0,521800.0,24.0,1246.0,4050.0,137589899.0,49785785.0,15000000.0,202375684.0,280000,Africa,834886.0
South Sudan,SS,SSD,2018,,,,,,,,,3629830.0,,3629830.0,24000,Africa,0.0
South Sudan,SS,SSD,2019,17000.0,289.0,0.0,,52.0,4173.0,0.0,,4244650.0,,4244650.0,24000,Africa,17289.0
South Sudan,SS,SSD,2020,20815.0,135.0,0.0,0.0,25.0,1678.0,0.0,0.0,5627277.0,0.0,5627277.0,24000,Africa,20950.0
South Sudan,SS,SSD,2021,22637.0,100.0,0.0,0.0,40.0,3876.0,0.0,0.0,5533954.0,0.0,5533954.0,24000,Africa,22737.0
South Sudan,SS,SSD,2022,22637.0,180.0,0.0,30848.0,38.0,2472.0,0.0,0.0,3442557.0,0.0,3442557.0,25000,Africa,53665.0
Spain,ES,ESP,2018,,,,,,,,,,,,5200,Europe,0.0
Spain,ES,ESP,2019,,,,,,,,,,,,4700,Europe,0.0
Spain,ES,ESP,2020,,,,,,,,,,,,3400,Europe,0.0
Spain,ES,ESP,2021,,,,,,,,,,,,3900,Europe,0.0
Spain,ES,ESP,2022,,,,,,,,,,,,3300,Europe,0.0
Sri Lanka,LK,LKA,2018,8510.0,30.0,1.0,,20.0,1312.0,7314.0,3724174.0,3732362.0,0.0,7485100.0,14000,Asia,8541.0
Sri Lanka,LK,LKA,2019,8676.0,35.0,,,47.0,4871.0,,3526847.0,1455740.0,,5067814.0,14000,Asia,8711.0
Sri Lanka,LK,LKA,2020,14071.0,44.0,,5015.0,29.0,928.0,,4219188.0,969529.0,,5227487.0,14000,Asia,19130.0
Sri Lanka,LK,LKA,2021,15362.0,45.0,4.0,8474.0,29.0,1195.0,347.0,3551827.0,1019658.0,,4712189.0,14000,Asia,23885.0
Sri Lanka,LK,LKA,2022,8943.0,41.0,0.0,11600.0,4.0,874.0,0.0,2838758.0,1149396.0,,3988154.0,14000,Asia,20584.0
Sudan,SD,SDN,2018,22500.0,2018.0,4.0,,32.0,1200.0,4600.0,2493541.0,5223176.0,,7716717.0,30000,Africa,24522.0
Sudan,SD,SDN,2019,24000.0,234.0,3.0,,28.0,532.0,930.0,169200.0,5003944.0,,5173144.0,29000,Africa,24237.0
Sudan,SD,SDN,2020,25500.0,346.0,5.0,7848.0,22.0,887.0,1552.0,169200.0,5392566.0,,5561766.0,28000,Africa,33699.0
Sudan,SD,SDN,2021,21612.0,319.0,5.0,5000.0,26.0,980.0,1862.0,99814.0,4341981.0,0.0,4441795.0,26000,Africa,26936.0
Sudan,SD,SDN,2022,22658.0,445.0,4.0,4000.0,26.0,1709.0,1862.0,988432.0,4672157.0,0.0,5660589.0,25000,Africa,27107.0
Suriname,SR,SUR,2018,140.0,10.0,0.0,,71.0,2180.0,7620.0,401026.0,357618.0,0.0,818806.0,220,South America,150.0
Suriname,SR,SUR,2019,170.0,7.0,0.0,,89.0,2180.0,7260.0,385719.0,395782.0,0.0,871501.0,170,South America,177.0
Suriname,SR,SUR,2020,145.0,5.0,0.0,300.0,104.0,1000.0,5000.0,507080.0,395000.0,0.0,967080.0,170,South America,450.0
Suriname,SR,SUR,2021,150.0,9.0,0.0,170.0,129.0,2500.0,5000.0,511000.0,182000.0,,793000.0,180,South America,329.0
Suriname,SR,SUR,2022,120.0,5.0,0.0,1531.0,120.0,1500.0,0.0,330700.0,166202.0,0.0,606902.0,180,South America,1656.0
Sweden,SE,SWE,2018,,,,,,,,,,,,550,Europe,0.0
Sweden,SE,SWE,2019,,,,,,,,,,,,550,Europe,0.0
Sweden,SE,SWE,2020,,,,,,,,,,,,360,Europe,0.0
Sweden,SE,SWE,2021,,,,,,,,,,,,400,Europe,0.0
Sweden,SE,SWE,2022,,,,,,,,,,,,410,Europe,0.0
Switzerland,CH,CHE,2018,,,,,,,,,,,,540,Europe,0.0
Switzerland,CH,CHE,2019,,,,,,,,,,,,460,Europe,0.0
Switzerland,CH,CHE,2020,,,,,,,,,,,,400,Europe,0.0
Switzerland,CH,CHE,2021,,,,,,,,,,,,410,Europe,0.0
Switzerland,CH,CHE,2022,,,,,,,,,,,,400,Europe,0.0
Tajikistan,TJ,TJK,2018,5498.0,569.0,244.0,,44.0,2060.0,4860.0,3016064.0,6237268.0,3069651.0,12964909.0,7600,Asia,6311.0
Tajikistan,TJ,TJK,2019,5474.0,404.0,516.0,,30.0,1562.0,1562.0,4845161.0,2088638.0,328307.0,8051224.0,7700,Asia,6394.0
Tajikistan,TJ,TJK,2020,5108.0,540.0,360.0,4820.0,72.0,758.0,3492.0,6267320.0,5135294.0,0.0,12005208.0,7600,Asia,10828.0
Tajikistan,TJ,TJK,2021,4600.0,560.0,240.0,7500.0,40.0,3114.0,3114.0,467248.0,8795563.0,,10004485.0,7700,Asia,12900.0
Tajikistan,TJ,TJK,2022,4600.0,420.0,180.0,9600.0,65.0,2663.0,2663.0,8458314.0,6358284.0,6000.0,14852757.0,7800,Asia,14800.0
Thailand,TH,THA,2018,136730.0,843.0,24.0,,72.0,4792.0,36749.0,22387230.0,3439170.0,0.0,25860749.0,109000,Asia,137597.0
Thailand,TH,THA,2019,91800.0,2725.0,136.0,,55.0,3786.0,2745.0,23565944.0,3264999.0,0.0,26830943.0,107000,Asia,94661.0
Thailand,TH,THA,2020,92750.0,2800.0,84.0,17684.0,55.0,3786.0,2745.0,26028432.0,4841327.0,0.0,31378785.0,104000,Asia,113318.0
Thailand,TH,THA,2021,94500.0,1850.0,88.0,18357.0,55.0,2654.0,2745.0,24799318.0,4984627.0,,30085845.0,104000,Asia,114795.0
Thailand,TH,THA,2022,90720.0,1962.0,43.0,8585.0,55.0,2654.0,2745.0,22697382.0,7632236.0,,30329618.0,111000,Asia,101310.0
Togo,TG,TGO,2018,3176.0,35.0,0.0,,9.0,733.0,0.0,222404.0,491735.0,0.0,796315.0,3000,Africa,3211.0
Togo,TG,TGO,2019,3426.0,37.0,2.0,,26.0,42.0,2266.0,178719.0,167871.0,0.0,1230880.0,3100,Africa,3465.0
Togo,TG,TGO,2020,3687.0,40.0,2.0,828.0,49.0,200.0,4286.0,221034.0,256128.0,0.0,893646.0,3000,Africa,4557.0
Togo,TG,TGO,2021,2638.0,32.0,3.0,739.0,28.0,446.0,6670.0,822037.0,552553.0,0.0,1377833.0,2900,Africa,3412.0
Togo,TG,TGO,2022,2666.0,37.0,3.0,3760.0,37.0,694.0,3290.0,281522.0,1306794.0,0.0,1616835.0,2800,Africa,6466.0
Tokelau,TK,TKL,2018,,,,,,,,,,,,0,Oceania,0.0
Tokelau,TK,TKL,2019,,,,,,,,,,,,1,Oceania,0.0
Tokelau,TK,TKL,2020,,,,,,,,,,,,0,Oceania,0.0
Tokelau,TK,TKL,2021,,,,,,,,,,,,0,Oceania,0.0
Tokelau,TK,TKL,2022,,,,,,,,,,,,0,Oceania,0.0
Tonga,TO,TON,2018,,,,,,,,,,,,10,Oceania,0.0
Tonga,TO,TON,2019,,,,,,,,,,,,12,Oceania,0.0
Tonga,TO,TON,2020,,,,,,,,,,,,9,Oceania,0.0
Tonga,TO,TON,2021,,,,,,,,,,,,8,Oceania,0.0
Tonga,TO,TON,2022,,,,,,,,,,,,2,Oceania,0.0
Trinidad and Tobago,TT,TTO,2018,,,,,,,,,,,,290,South America,0.0
Trinidad and Tobago,TT,TTO,2019,,,,,,,,,,,,250,South America,0.0
Trinidad and Tobago,TT,TTO,2020,,,,,,,,,,,,250,South America,0.0
Trinidad and Tobago,TT,TTO,2021,,,,,,,,,,,,200,South America,0.0
Trinidad and Tobago,TT,TTO,2022,,,,,,,,,,,,280,South America,0.0
Tunisia,TN,TUN,2018,3500.0,30.0,2.0,,110.0,5000.0,7000.0,1451600.0,0.0,0.0,1451600.0,4100,Africa,3532.0
Tunisia,TN,TUN,2019,3500.0,30.0,2.0,,100.0,5000.0,7000.0,1674000.0,0.0,0.0,1674000.0,4200,Africa,3532.0
Tunisia,TN,TUN,2020,,,,,,,,,,,,4400,Africa,0.0
Tunisia,TN,TUN,2021,3000.0,20.0,2.0,250.0,174700.0,45000.0,10000.0,992000.0,0.0,0.0,992000.0,4500,Africa,3272.0
Tunisia,TN,TUN,2022,2500.0,10.0,2.0,250.0,150.0,2500.0,15000.0,1099500.0,,,1099500.0,4600,Africa,2762.0
Turkmenistan,TM,TKM,2018,2800.0,268.0,21.0,,33.0,1542.0,9149.0,,,,,2800,Asia,3089.0
Turkmenistan,TM,TKM,2019,,,,,,,,,,,,2700,Asia,0.0
Turkmenistan,TM,TKM,2020,,,,,,,,,,,,2900,Asia,0.0
Turkmenistan,TM,TKM,2021,2401.0,580.0,220.0,3210.0,116.0,1005.0,2678.0,,,,,3000,Asia,6411.0
Turkmenistan,TM,TKM,2022,2500.0,600.0,300.0,3400.0,116.0,1005.0,2678.0,,,,,3100,Asia,6800.0
Turks and Caicos Islands,TC,TCA,2018,,,,,,,,,,,,2,North America,0.0
Turks and Caicos Islands,TC,TCA,2019,,,,,,,,,,,,5,North America,0.0
Turks and Caicos Islands,TC,TCA,2020,,,,,,,,,,,,2,North America,0.0
Turks and Caicos Islands,TC,TCA,2021,,,,,,,,,,,,0,North America,0.0
Turks and Caicos Islands,TC,TCA,2022,,,,,,,,,,,,0,North America,0.0
Tuvalu,TV,TUV,2018,,,,,,,,,,,,29,Oceania,0.0
Tuvalu,TV,TUV,2019,,,,,,,,,,,,32,Oceania,0.0
Tuvalu,TV,TUV,2020,,,,,,,,,,,,33,Oceania,0.0
Tuvalu,TV,TUV,2021,,,,,,,,,,,,33,Oceania,0.0
Tuvalu,TV,TUV,2022,,,,,,,,,,,,33,Oceania,0.0
Uganda,UG,UGA,2018,50073.0,663.0,7.0,,40.0,2000.0,2344.0,30000.0,5226398.0,5000000.0,10706768.0,83000,Africa,50743.0
Uganda,UG,UGA,2019,62699.0,646.0,10.0,,31.0,1562.0,2761.0,1908108.0,10376166.0,10000000.0,22788875.0,86000,Africa,63355.0
Uganda,UG,UGA,2020,71400.0,625.0,10.0,407588.0,32.0,1924.0,3836.0,1908108.0,10000000.0,10000000.0,25689157.0,88000,Africa,479623.0
Uganda,UG,UGA,2021,73728.0,1441.0,14.0,152010.0,66.0,1116.0,5436.0,4000000.0,9700000.0,10200000.0,29885992.0,91000,Africa,227193.0
Uganda,UG,UGA,2022,81833.0,1441.0,15.0,208600.0,66.0,1116.0,5436.0,4000000.0,10000000.0,11000000.0,30985992.0,94000,Africa,291889.0
Ukraine,UA,UKR,2018,36516.0,6097.0,1535.0,,35.0,1509.0,5455.0,23459844.0,12714413.0,,36174257.0,36000,Europe,44148.0
Ukraine,UA,UKR,2019,26704.0,1195.0,4780.0,,39.0,185.0,3669.0,46958677.0,7240183.0,,54198860.0,34000,Europe,32679.0
Ukraine,UA,UKR,2020,26456.0,5479.0,1137.0,36160.0,41.0,2179.0,6864.0,60168525.0,14232058.0,581500.0,74982083.0,33000,Europe,69232.0
Ukraine,UA,UKR,2021,18912.0,7394.0,1569.0,44360.0,35.0,1642.0,4130.0,65706167.0,40611201.0,6804000.0,113121368.0,35000,Europe,72235.0
Ukraine,UA,UKR,2022,18798.0,2688.0,1344.0,39297.0,45.0,2916.0,3360.0,113828000.0,27876000.0,420000.0,142124000.0,36000,Europe,62127.0
United Arab Emirates,AE,ARE,2018,,,,,,,,,,,,94,Asia,0.0
United Arab Emirates,AE,ARE,2019,,,,,,,,,,,,92,Asia,0.0
United Arab Emirates,AE,ARE,2020,,,,,,,,,,,,71,Asia,0.0
United Arab Emirates,AE,ARE,2021,,,,,,,,,,,,76,Asia,0.0
United Arab Emirates,AE,ARE,2022,,,,,,,,,,,,71,Asia,0.0
Uruguay,UY,URY,2018,,,,,,,,4695350.0,,,4695350.0,1200,South America,0.0
Uruguay,UY,URY,2019,1100.0,4.0,0.0,,96.0,,,5069100.0,0.0,0.0,5069100.0,1200,South America,1104.0
Uruguay,UY,URY,2020,1200.0,12.0,1.0,2000.0,94.0,1828.0,15192.0,5509982.0,0.0,0.0,5509982.0,1100,South America,3213.0
Uruguay,UY,URY,2021,,,,,,,,,,,,1100,South America,0.0
Uruguay,UY,URY,2022,,,,,,,,,,,,1300,South America,0.0
Uzbekistan,UZ,UZB,2018,,,,,,,,,9845430.0,910319.0,11047703.0,23000,Asia,0.0
Uzbekistan,UZ,UZB,2019,,,,,,,,,,,,22000,Asia,0.0
Uzbekistan,UZ,UZB,2020,,,,,,,,,,,,22000,Asia,0.0
Uzbekistan,UZ,UZB,2021,,,,,,,,,,,,24000,Asia,0.0
Uzbekistan,UZ,UZB,2022,,,,,,,,,,,,29000,Asia,0.0
Vanuatu,VU,VUT,2018,110.0,0.0,0.0,,66.0,0.0,0.0,114293.0,180000.0,0.0,314293.0,140,Oceania,110.0
Vanuatu,VU,VUT,2019,129.0,0.0,0.0,,61.0,0.0,0.0,219869.0,155031.0,0.0,407261.0,130,Oceania,129.0
Vanuatu,VU,VUT,2020,130.0,0.0,0.0,0.0,60.0,0.0,0.0,10576.0,90326.0,,317293.0,120,Oceania,130.0
Vanuatu,VU,VUT,2021,86.0,2.0,0.0,100.0,,,,195605.0,204258.0,,527709.0,110,Oceania,188.0
Vanuatu,VU,VUT,2022,82.0,2.0,1.0,72.0,108.0,100.0,,129.0,272.0,,614.0,99,Oceania,157.0
Wallis and Futuna,WF,WLF,2018,,,,,,,,,,,,0,Oceania,0.0
Wallis and Futuna,WF,WLF,2019,,,,,,,,,,,,1,Oceania,0.0
Wallis and Futuna,WF,WLF,2020,,,,,,,,,,,,0,Oceania,0.0
Wallis and Futuna,WF,WLF,2021,,,,,,,,,,,,0,Oceania,0.0
Wallis and Futuna,WF,WLF,2022,,,,,,,,,,,,0,Oceania,0.0
Yemen,YE,YEM,2018,10000.0,43.0,0.0,,0.0,0.0,0.0,34400.0,1992569.0,,2026969.0,15000,Asia,10043.0
Yemen,YE,YEM,2019,10000.0,58.0,0.0,,25.0,2500.0,,292060.0,881163.0,0.0,1253223.0,15000,Asia,10058.0
Yemen,YE,YEM,2020,10500.0,60.0,0.0,0.0,35.0,3500.0,0.0,69430.0,1377506.0,0.0,1446936.0,15000,Asia,10560.0
Yemen,YE,YEM,2021,11160.0,75.0,0.0,6000.0,43.0,4500.0,0.0,69090.0,1651986.0,0.0,1721076.0,16000,Asia,17235.0
Yemen,YE,YEM,2022,11407.0,90.0,0.0,8000.0,52.0,1941.0,0.0,69090.0,1949248.0,0.0,2018338.0,16000,Asia,19497.0
Zambia,ZM,ZMB,2018,50654.0,411.0,20.0,,156.0,2940.0,4397.0,10612996.0,9044576.0,7000000.0,30269668.0,62000,Africa,51085.0
Zambia,ZM,ZMB,2019,54620.0,721.0,5.0,,156.0,5822.0,6240.0,9000000.0,5475748.0,4905459.0,22381207.0,61000,Africa,55346.0
Zambia,ZM,ZMB,2020,58965.0,1089.0,10.0,314816.0,156.0,5822.0,6240.0,10583901.0,22119535.0,5905459.0,42108895.0,60000,Africa,374880.0
Zambia,ZM,ZMB,2021,47006.0,920.0,0.0,332584.0,156.0,5822.0,6240.0,11750000.0,9409575.0,9644873.0,31334448.0,60000,Africa,380510.0
Zambia,ZM,ZMB,2022,47006.0,1600.0,0.0,507450.0,156.0,5822.0,6240.0,15551080.0,10095759.0,10814907.0,37205562.0,59000,Africa,556056.0
Zimbabwe,ZW,ZWE,2018,30953.0,566.0,30.0,,29.0,1038.0,3568.0,,7203690.0,5600000.0,12803690.0,32000,Africa,31549.0
Zimbabwe,ZW,ZWE,2019,31731.0,725.0,15.0,,38.0,1490.0,4762.0,143204.0,8517038.0,4048457.0,12788699.0,31000,Africa,32471.0
Zimbabwe,ZW,ZWE,2020,22304.0,355.0,21.0,403936.0,41.0,1016.0,9101.0,247705.0,8300758.0,1870556.0,10756252.0,29000,Africa,426616.0
Zimbabwe,ZW,ZWE,2021,23782.0,472.0,5.0,282173.0,50.0,1106.0,1106.0,2096683.0,9803368.0,3284585.0,16096601.0,31000,Africa,306432.0
Zimbabwe,ZW,ZWE,2022,17076.0,271.0,4.0,281741.0,26.0,521.0,1036.0,1000000.0,9487457.0,3058830.0,14847642.0,33000,Africa,299092.0
